AB10,Aberdeen,Aberdeen City,SCT
AB11,Aberdeen,Aberdeen City,SCT
AB12,Aberdeen,Aberdeen City,SCT
AB13,Milltimber,Aberdeen City,SCT
AB14,Peterculter,Aberdeen City,SCT
AB15,Aberdeen,Aberdeen City,SCT
AB16,Aberdeen,Aberdeen City,SCT
AB21,Aberdeen Airport,Aberdeen City,SCT
AB22,Bridge Of Don,Aberdeen City,SCT
AB23,Aberdeen,Aberdeen City,SCT
AB25,Aberdeen,Aberdeen City,SCT
AB30,Laurencekirk,Aberdeenshire,SCT
AB31,Banchory,Aberdeenshire,SCT
AB32,Westhill,Aberdeenshire,SCT
AB33,Alford,Aberdeenshire,SCT
AB34,Aboyne,Aberdeenshire,SCT
AB35,Ballatar,Aberdeenshire,SCT
AB36,Strathdon,Aberdeenshire,SCT
AB37,Ballindalloch,Moray,SCT
AB38,Aberlour,Moray,SCT
AB39,Stonehaven,Aberdeenshire,SCT
AB41,Ellon,Aberdeenshire,SCT
AB42,Peterhead,Aberdeenshire,SCT
AB43,Fraserburgh,Aberdeenshire,SCT
AB44,Macduff,Aberdeenshire,SCT
AB45,Banff,Aberdeenshire,SCT
AB51,Inverurie,Aberdeenshire,SCT
AB52,Insch,Aberdeenshire,SCT
AB53,Turriff,Aberdeenshire,SCT
AB54,Huntly,Aberdeenshire,SCT
AB55,,Moray,SCT
AB56,,Moray,SCT
AL1,St Albans,Hertfordshire,ENG
AL10,Hatfield,Hertfordshire,ENG
AL2,St Albans,Hertfordshire,ENG
AL3,Redbourn,Hertfordshire,ENG
AL4,Sandridge,Hertfordshire,ENG
AL5,Harpenden,Hertfordshire,ENG
AL6,Welwyn,Hertfordshire,ENG
AL7,Welwyn Garden City,Hertfordshire,ENG
AL8,Welwyn Garden City,Hertfordshire,ENG
AL9,Hatfield,Hertfordshire,ENG
B1,,Birmingham,ENG
B10,,Birmingham,ENG
B11,,Birmingham,ENG
B12,,Birmingham,ENG
B13,,Birmingham,ENG
B14,,Birmingham,ENG
B15,,Birmingham,ENG
B16,,Birmingham,ENG
B17,,Birmingham,ENG
B18,,Birmingham,ENG
B19,,Birmingham,ENG
B2,,Birmingham,ENG
B20,,Birmingham,ENG
B21,,Birmingham,ENG
B23,,Birmingham,ENG
B24,,Birmingham,ENG
B25,,Birmingham,ENG
B26,,Birmingham,ENG
B27,,Birmingham,ENG
B28,,Birmingham,ENG
B29,,Birmingham,ENG
B3,,Birmingham,ENG
B30,,Birmingham,ENG
B31,,Birmingham,ENG
B32,,Birmingham,ENG
B33,,Birmingham,ENG
B34,,Birmingham,ENG
B35,,Birmingham,ENG
B36,Castle Bromwich,Solihull,ENG
B37,Chelmsley Wood,Solihull,ENG
B38,Tees Grove,Birmingham,ENG
B4,,Birmingham,ENG
B40,Bickenhill,Solihull,ENG
B42,,Birmingham,ENG
B43,West Bromwich,Sandwell,ENG
B44,,Birmingham,ENG
B45,,Birmingham,ENG
B46,Coleshill,Warwickshire,ENG
B47,Wythall,Worcestershire,ENG
B48,Alvechurch,Worcestershire,ENG
B49,Alcester,Warwickshire,ENG
B5,,Birmingham,ENG
B50,Bidford-on-Avon,Warwickshire,ENG
B6,,Birmingham,ENG
B60,Bromsgrove,Worcestershire,ENG
B61,Bromsgrove,Worcestershire,ENG
B62,Hurst Green,Dudley,ENG
B63,Hurst Green,Dudley,ENG
B64,West Bromwich,Sandwell,ENG
B65,West Bromwich,Sandwell,ENG
B66,West Bromwich,Sandwell,ENG
B67,West Bromwich,Sandwell,ENG
B68,West Bromwich,Sandwell,ENG
B69,West Bromwich,Sandwell,ENG
B7,,Birmingham,ENG
B70,West Bromwich,Sandwell,ENG
B71,West Bromwich,Sandwell,ENG
B72,,Birmingham,ENG
B73,,Birmingham,ENG
B74,,Birmingham,ENG
B75,,Birmingham,ENG
B76,,Birmingham,ENG
B77,Tamworth,Staffordshire,ENG
B78,Tamworth,Staffordshire,ENG
B79,Wigginton,Staffordshire,ENG
B8,,Birmingham,ENG
B80,Studley,Warwickshire,ENG
B9,,Birmingham,ENG
B90,,Solihull,ENG
B91,,Solihull,ENG
B92,,Solihull,ENG
B93,Dorridge,Solihull,ENG
B94,Tanworth-in-Arden,Warwickshire,ENG
B95,Henley-in-Arden,Warwickshire,ENG
B96,Redditch,Worcestershire,ENG
B97,Redditch,Worcestershire,ENG
B98,Redditch,Worcestershire,ENG
BA1,Bath,Bath and North East Somerset,ENG
BA10,Bruton,Somerset,ENG
BA11,Frome,Somerset,ENG
BA12,Longbridge Deverill,Wiltshire,ENG
BA13,Westbury,Wiltshire,ENG
BA14,Trowbridge,Wiltshire,ENG
BA15,Bradford-on-Avon,Wiltshire,ENG
BA16,Street,Somerset,ENG
BA2,Bath,Bath and North East Somerset,ENG
BA20,Yeovil,Somerset,ENG
BA21,Yeovil,Somerset,ENG
BA22,Mudford,Somerset,ENG
BA3,Kilmersdon,Somerset,ENG
BA4,Shepton Mallet,Somerset,ENG
BA5,St Cuthbert Out,Somerset,ENG
BA6,Glastonbury,Somerset,ENG
BA7,Castle Cary,Somerset,ENG
BA8,Templecombe,Somerset,ENG
BA9,Wincanton,Somerset,ENG
BB1,Darwen,Blackburn with Darwen,ENG
BB10,Burnley,Lancashire,ENG
BB11,Burnley,Lancashire,ENG
BB12,Ightenhill,Lancashire,ENG
BB18,Salterforth,Lancashire,ENG
BB2,Darwen,Blackburn with Darwen,ENG
BB3,Darwen,Blackburn with Darwen,ENG
BB4,Rawtenstall,Lancashire,ENG
BB5,Accrington,Lancashire,ENG
BB6,Accrington,Lancashire,ENG
BB7,Clitheroe,Lancashire,ENG
BB8,Newchurch,Lancashire,ENG
BB9,Newchurch,Lancashire,ENG
BD1,Queensbury,Bradford,ENG
BD10,Queensbury,Bradford,ENG
BD11,Dewsbury,Kirklees,ENG
BD12,Queensbury,Bradford,ENG
BD13,Queensbury,Bradford,ENG
BD14,Queensbury,Bradford,ENG
BD15,Queensbury,Bradford,ENG
BD16,Bingley,Bradford,ENG
BD17,Queensbury,Bradford,ENG
BD18,Queensbury,Bradford,ENG
BD19,Dewsbury,Kirklees,ENG
BD2,Queensbury,Bradford,ENG
BD20,Steeton,Bradford,ENG
BD21,Keighley,Bradford,ENG
BD22,Keighley,Bradford,ENG
BD23,Thorlby,North Yorkshire,ENG
BD24,Langcliffe,North Yorkshire,ENG
BD3,Queensbury,Bradford,ENG
BD4,Queensbury,Bradford,ENG
BD5,Queensbury,Bradford,ENG
BD6,Queensbury,Bradford,ENG
BD7,Queensbury,Bradford,ENG
BD8,Queensbury,Bradford,ENG
BD9,Queensbury,Bradford,ENG
BH1,,Bournemouth,ENG
BH10,,Bournemouth,ENG
BH11,,Bournemouth,ENG
BH12,,Poole,ENG
BH13,,Poole,ENG
BH14,,Poole,ENG
BH15,,Poole,ENG
BH16,Upton,Dorset,ENG
BH17,,Poole,ENG
BH18,,Poole,ENG
BH19,Swanage,Dorset,ENG
BH2,,Bournemouth,ENG
BH20,Wareham,Dorset,ENG
BH21,Colehill,Dorset,ENG
BH22,Ferndown,Dorset,ENG
BH23,Burton,Dorset,ENG
BH24,Ringwood,Hampshire,ENG
BH25,New Milton,Hampshire,ENG
BH3,,Bournemouth,ENG
BH31,Verwood,Dorset,ENG
BH4,,Bournemouth,ENG
BH5,,Bournemouth,ENG
BH6,,Bournemouth,ENG
BH7,,Bournemouth,ENG
BH8,,Bournemouth,ENG
BH9,,Bournemouth,ENG
BL0,Ramsbottom,Bury,ENG
BL1,,Bolton,ENG
BL2,,Bolton,ENG
BL3,,Bolton,ENG
BL4,,Bolton,ENG
BL5,Westhoughton,Bolton,ENG
BL6,Horwich,Bolton,ENG
BL7,,Bolton,ENG
BL8,,Bury,ENG
BL9,,Bury,ENG
BN1,Brighton,Brighton and Hove,ENG
BN10,Peacehaven,East Sussex,ENG
BN11,Worthing,West Sussex,ENG
BN12,Worthing,West Sussex,ENG
BN13,Worthing,West Sussex,ENG
BN14,Worthing,West Sussex,ENG
BN15,Lancing,West Sussex,ENG
BN16,Rustington,West Sussex,ENG
BN17,Littlehampton,West Sussex,ENG
BN18,Arundel,West Sussex,ENG
BN2,Brighton,Brighton and Hove,ENG
BN20,Eastbourne,East Sussex,ENG
BN21,Eastbourne,East Sussex,ENG
BN22,,East Sussex,ENG
BN23,Eastbourne,East Sussex,ENG
BN24,Westham,East Sussex,ENG
BN25,Seaford,East Sussex,ENG
BN26,Long Man,East Sussex,ENG
BN27,Hailsham,East Sussex,ENG
BN3,Brighton,Brighton and Hove,ENG
BN41,Brighton,Brighton and Hove,ENG
BN42,Shoreham-by-Sea,West Sussex,ENG
BN43,Shoreham-by-Sea,West Sussex,ENG
BN44,Steyning,West Sussex,ENG
BN45,Newtimber,West Sussex,ENG
BN5,Henfield,West Sussex,ENG
BN6,Clayton,West Sussex,ENG
BN7,Lewes,East Sussex,ENG
BN8,Ringmer,East Sussex,ENG
BN9,Newhaven,East Sussex,ENG
BR1,Bromley,Greater London,ENG
BR2,Bromley,Greater London,ENG
BR3,Bromley,Greater London,ENG
BR4,Bromley,Greater London,ENG
BR5,Bromley,Greater London,ENG
BR6,Bromley,Greater London,ENG
BR7,Bromley,Greater London,ENG
BR8,Swanley,Kent,ENG
BS1,Bristol,City of Bristol,ENG
BS10,Bristol,City of Bristol,ENG
BS11,Bristol,City of Bristol,ENG
BS13,Bristol,City of Bristol,ENG
BS14,Bristol,City of Bristol,ENG
BS15,Kingswood,South Gloucestershire,ENG
BS16,Kingswood,South Gloucestershire,ENG
BS2,Bristol,City of Bristol,ENG
BS20,Portbury,North Somerset,ENG
BS21,Clevedon,North Somerset,ENG
BS22,Weston-Super-Mare,North Somerset,ENG
BS23,Weston-Super-Mare,North Somerset,ENG
BS24,Hutton,North Somerset,ENG
BS25,Winscombe,North Somerset,ENG
BS26,Weare,Somerset,ENG
BS27,Cheddar,Somerset,ENG
BS28,Wedmore,Somerset,ENG
BS29,Banwell,North Somerset,ENG
BS3,Bristol,City of Bristol,ENG
BS30,Bitton,South Gloucestershire,ENG
BS31,Keynsham,Bath and North East Somerset,ENG
BS32,Bradley Stoke,South Gloucestershire,ENG
BS34,Stoke Gifford,South Gloucestershire,ENG
BS35,Aust,South Gloucestershire,ENG
BS36,Frampton Cotterell,South Gloucestershire,ENG
BS37,Yate,South Gloucestershire,ENG
BS39,Clutton,Bath and North East Somerset,ENG
BS4,Bristol,City of Bristol,ENG
BS40,Nempnett Thrubwell,Bath and North East Somerset,ENG
BS41,Long Ashton,North Somerset,ENG
BS48,Nailsea,North Somerset,ENG
BS49,Yatton,North Somerset,ENG
BS5,Bristol,City of Bristol,ENG
BS6,Bristol,City of Bristol,ENG
BS7,Bristol,City of Bristol,ENG
BS8,Bristol,City of Bristol,ENG
BS9,Bristol,City of Bristol,ENG
BS99,Bristol,City of Bristol,ENG
BT1,,Belfast,NIR
BT10,,Belfast,NIR
BT11,,Belfast,NIR
BT12,,Belfast,NIR
BT13,,Belfast,NIR
BT14,,Belfast,NIR
BT15,,Belfast,NIR
BT16,Dundonald,Castlereagh,NIR
BT17,Dunmurry,Lisburn,NIR
BT18,Holywood,North Down,NIR
BT19,Bangor,North Down,NIR
BT2,,Belfast,NIR
BT20,Bangor,North Down,NIR
BT21,Donaghadee,Ards,NIR
BT22,,Ards,NIR
BT23,,Ards,NIR
BT24,,Down,NIR
BT25,,Banbridge,NIR
BT26,,Lisburn,NIR
BT27,,Lisburn,NIR
BT28,,Lisburn,NIR
BT29,,Antrim,NIR
BT3,,Belfast,NIR
BT30,Downpatrick,Down,NIR
BT31,,Banbridge,NIR
BT32,,Banbridge,NIR
BT33,Newcastle,Down,NIR
BT34,,Newry and Mourne,NIR
BT35,,Newry and Mourne,NIR
BT36,,Newtownabbey,NIR
BT37,Whiteabbey,Newtownabbey,NIR
BT38,,Carrickfergus,NIR
BT39,,Newtownabbey,NIR
BT4,,Belfast,NIR
BT40,,Larne,NIR
BT41,Mill Town,Antrim,NIR
BT42,,Ballymena,NIR
BT43,,Ballymena,NIR
BT44,,Ballymena,NIR
BT45,,Magherafelt,NIR
BT46,,Magherafelt,NIR
BT47,,Derry,NIR
BT48,Londonderry,Derry,NIR
BT49,,Limavady,NIR
BT5,,Belfast,NIR
BT51,,Coleraine,NIR
BT52,,Coleraine,NIR
BT53,,Ballymoney,NIR
BT54,Ballycastle,Moyle,NIR
BT55,Portstewart,Coleraine,NIR
BT56,Portrush,Coleraine,NIR
BT57,Bushmills,Moyle,NIR
BT6,,Belfast,NIR
BT60,,County Armagh,NIR
BT61,,County Armagh,NIR
BT62,Portadown,Craigavon,NIR
BT63,,Craigavon,NIR
BT64,,Craigavon,NIR
BT65,,Craigavon,NIR
BT66,Lurgan,Craigavon,NIR
BT67,,Craigavon,NIR
BT68,,Dungannon,NIR
BT69,,Dungannon,NIR
BT7,,Belfast,NIR
BT70,,Dungannon,NIR
BT71,,Dungannon,NIR
BT74,,County Fermanagh,NIR
BT75,Fivemiletown,Dungannon,NIR
BT76,,Dungannon,NIR
BT77,,Dungannon,NIR
BT78,,Omagh,NIR
BT79,,Omagh,NIR
BT8,Carryduff,Castlereagh,NIR
BT80,,Cookstown,NIR
BT81,,Strabane,NIR
BT82,,Strabane,NIR
BT9,,Belfast,NIR
BT92,,County Fermanagh,NIR
BT93,,County Fermanagh,NIR
BT94,,County Fermanagh,NIR
CA1,Carlisle,Cumbria,ENG
CA10,Cliburn,Cumbria,ENG
CA11,Catterlen,Cumbria,ENG
CA12,Keswick,Cumbria,ENG
CA13,Cockermouth,Cumbria,ENG
CA14,Workington,Cumbria,ENG
CA15,Maryport,Cumbria,ENG
CA16,Appleby-in-Westmorland,Cumbria,ENG
CA17,Kirkby Stephen,Cumbria,ENG
CA18,Muncaster,Cumbria,ENG
CA19,Muncaster,Cumbria,ENG
CA2,Carlisle,Cumbria,ENG
CA20,Gosforth,Cumbria,ENG
CA21,Beckermet,Cumbria,ENG
CA22,Egremont,Cumbria,ENG
CA23,Cleator Moor,Cumbria,ENG
CA24,Egremont,Cumbria,ENG
CA25,Cleator Moor,Cumbria,ENG
CA26,Arlecdon,Cumbria,ENG
CA27,St Bees,Cumbria,ENG
CA28,Whitehaven,Cumbria,ENG
CA3,Carlisle,Cumbria,ENG
CA4,Wetheral,Cumbria,ENG
CA5,Orton,Cumbria,ENG
CA6,Kirklinton,Cumbria,ENG
CA7,Waverton,Cumbria,ENG
CA8,Brampton,Cumbria,ENG
CA9,Alston,Cumbria,ENG
CB1,Fulbourn,Cambridgeshire,ENG
CB10,Saffron Walden,Essex,ENG
CB11,Newport,Essex,ENG
CB2,Great Shelford,Cambridgeshire,ENG
CB21,Balsham,Cambridgeshire,ENG
CB22,Little Shelford,Cambridgeshire,ENG
CB23,Highfields,Cambridgeshire,ENG
CB24,Over,Cambridgeshire,ENG
CB25,Lode,Cambridgeshire,ENG
CB3,Hardwick,Cambridgeshire,ENG
CB4,Impington,Cambridgeshire,ENG
CB5,Stow cum Quy,Cambridgeshire,ENG
CB6,Downham,Cambridgeshire,ENG
CB7,Soham,Cambridgeshire,ENG
CB8,Woodditton,Cambridgeshire,ENG
CB9,Haverhill,Suffolk,ENG
CF10,Butetown,Cardiff,WLS
CF11,Grangetown,Cardiff,WLS
CF14,Rhiwbina,Cardiff,WLS
CF15,Pentyrch,Cardiff,WLS
CF23,Pentwyn,Cardiff,WLS
CF24,Adamsdown,Cardiff,WLS
CF3,Trowbridge,Cardiff,WLS
CF31,,Bridgend,WLS
CF32,Garw Valley,Bridgend,WLS
CF33,Cynffig,Bridgend,WLS
CF34,Maesteg,Bridgend,WLS
CF35,Pencoed,Bridgend,WLS
CF36,Porthcawl,Bridgend,WLS
CF37,Pontypridd,Rhondda Cynon Taff,WLS
CF38,Llantwit Fardre,Rhondda Cynon Taff,WLS
CF39,Cymmer,Rhondda Cynon Taff,WLS
CF40,Tonypandy,Rhondda Cynon Taff,WLS
CF41,Ystrad,Rhondda Cynon Taff,WLS
CF42,Treorchy,Rhondda Cynon Taff,WLS
CF43,Ferndale,Rhondda Cynon Taff,WLS
CF44,Aberdare,Rhondda Cynon Taff,WLS
CF45,Penrhiwceiber,Rhondda Cynon Taff,WLS
CF46,Treharris,Merthyr Tydfil,WLS
CF47,Town,Merthyr Tydfil,WLS
CF48,Town,Merthyr Tydfil,WLS
CF5,Ely,Cardiff,WLS
CF61,Llantwit Major,The Vale of Glamorgan,WLS
CF62,Barry,The Vale of Glamorgan,WLS
CF63,Barry,The Vale of Glamorgan,WLS
CF64,Penarth,The Vale of Glamorgan,WLS
CF71,Cowbridge,The Vale of Glamorgan,WLS
CF72,Llanharan,Rhondda Cynon Taff,WLS
CF81,Bargoed,Caerphilly,WLS
CF82,Gelligaer,Caerphilly,WLS
CF83,,Caerphilly,WLS
CH1,Chester,Cheshire West and Chester,ENG
CH2,Upton,Cheshire West and Chester,ENG
CH3,Waverton,Cheshire West and Chester,ENG
CH4,Saltney,Flintshire,ENG
CH41,Birkenhead,Wirral,ENG
CH42,Birkenhead,Wirral,ENG
CH43,Birkenhead,Wirral,ENG
CH44,Wallasey,Wirral,ENG
CH45,Wallasey,Wirral,ENG
CH46,Birkenhead,Wirral,ENG
CH47,Hoylake,Wirral,ENG
CH48,Hoylake,Wirral,ENG
CH49,Birkenhead,Wirral,ENG
CH5,Shotton,Flintshire,ENG
CH6,Flint,Flintshire,ENG
CH60,Heswall,Wirral,ENG
CH61,Heswall,Wirral,ENG
CH62,Birkenhead,Wirral,ENG
CH63,Birkenhead,Wirral,ENG
CH64,Ellesmere Port,Cheshire West and Chester,ENG
CH65,Ellesmere Port,Cheshire West and Chester,ENG
CH66,Ellesmere Port,Cheshire West and Chester,ENG
CH7,Mold,Flintshire,ENG
CH8,Holywell,Flintshire,ENG
CM0,Southminster,Essex,ENG
CM1,Chelmsford,Essex,ENG
CM11,,Essex,ENG
CM12,Billericay,Essex,ENG
CM13,Brentwood,Essex,ENG
CM14,Brentwood,Essex,ENG
CM15,Brentwood,Essex,ENG
CM16,Epping,Essex,ENG
CM17,Harlow,Essex,ENG
CM18,Harlow,Essex,ENG
CM19,Harlow,Essex,ENG
CM2,Great Baddow,Essex,ENG
CM20,Harlow,Essex,ENG
CM21,Sawbridgeworth,Hertfordshire,ENG
CM22,Great Hallingbury,Essex,ENG
CM23,Bishops Stortford,Hertfordshire,ENG
CM24,Stansted Mountfitchet,Essex,ENG
CM3,Danbury,Essex,ENG
CM4,Ingatestone,Essex,ENG
CM5,Ongar,Essex,ENG
CM6,Great Dunmow,Essex,ENG
CM7,Braintree,Essex,ENG
CM8,Witham,Essex,ENG
CM9,Heybridge,Essex,ENG
CO1,Colchester,Essex,ENG
CO10,Sudbury,Suffolk,ENG
CO11,Mistley,Essex,ENG
CO12,Harwich,Essex,ENG
CO13,Frinton and Walton,Essex,ENG
CO14,Frinton and Walton,Essex,ENG
CO15,Clacton-on-Sea,Essex,ENG
CO16,Little Clacton,Essex,ENG
CO2,Colchester,Essex,ENG
CO3,Colchester,Essex,ENG
CO4,Colchester,Essex,ENG
CO5,Layer Breton,Essex,ENG
CO6,Fordham,Essex,ENG
CO7,Elmstead,Essex,ENG
CO8,Bures Hamlet,Essex,ENG
CO9,Sible Hedingham,Essex,ENG
CR0,Croydon,Greater London,ENG
CR2,Croydon,Greater London,ENG
CR3,Whyteleafe,Surrey,ENG
CR4,Merton,Greater London,ENG
CR5,Croydon,Greater London,ENG
CR6,Whyteleafe,Surrey,ENG
CR7,Croydon,Greater London,ENG
CR8,Croydon,Greater London,ENG
CT1,Canterbury,Kent,ENG
CT10,Broadstairs,Kent,ENG
CT11,Margate,Kent,ENG
CT12,Manston,Kent,ENG
CT13,Sandwich,Kent,ENG
CT14,Dover,Kent,ENG
CT15,Whitfield,Kent,ENG
CT16,Dover,Kent,ENG
CT17,Dover,Kent,ENG
CT18,Hawkinge,Kent,ENG
CT19,Folkestone,Kent,ENG
CT2,Canterbury,Kent,ENG
CT20,Folkestone,Kent,ENG
CT21,Hythe,Kent,ENG
CT3,Wingham,Kent,ENG
CT4,Lower Hardres,Kent,ENG
CT5,Canterbury,Kent,ENG
CT6,Canterbury,Kent,ENG
CT7,Birchington,Kent,ENG
CT8,Margate,Kent,ENG
CT9,Margate,Kent,ENG
CV1,,Coventry,ENG
CV10,Nuneaton,Warwickshire,ENG
CV11,Nuneaton,Warwickshire,ENG
CV12,Bedworth,Warwickshire,ENG
CV13,Market Bosworth,Leicestershire,ENG
CV2,,Coventry,ENG
CV21,Rugby,Warwickshire,ENG
CV22,Rugby,Warwickshire,ENG
CV23,Dunchurch,Warwickshire,ENG
CV3,,Coventry,ENG
CV31,Leamington Spa,Warwickshire,ENG
CV32,Leamington Spa,Warwickshire,ENG
CV33,Radford Semele,Warwickshire,ENG
CV34,Warwick,Warwickshire,ENG
CV35,Wasperton,Warwickshire,ENG
CV36,Shipston-on-Stour,Warwickshire,ENG
CV37,Stratford-Upon-Avon,Warwickshire,ENG
CV4,,Coventry,ENG
CV47,Ladbroke,Warwickshire,ENG
CV5,,Coventry,ENG
CV6,,Coventry,ENG
CV7,Hawkes End,Coventry,ENG
CV8,Kenilworth,Warwickshire,ENG
CV9,Atherstone,Warwickshire,ENG
CW1,Crewe,Cheshire East,ENG
CW10,Middlewich,Cheshire East,ENG
CW11,Sandbach,Cheshire East,ENG
CW12,Congleton,Cheshire East,ENG
CW2,Crewe,Cheshire East,ENG
CW3,Bridgemere,Cheshire East,ENG
CW4,Holmes Chapel,Cheshire East,ENG
CW5,Nantwich,Cheshire East,ENG
CW6,Tarporley,Cheshire West and Chester,ENG
CW7,Winsford,Cheshire West and Chester,ENG
CW8,Weaverham,Cheshire West and Chester,ENG
CW9,Northwich,Cheshire West and Chester,ENG
DA1,Dartford,Kent,ENG
DA10,Swanscombe,Kent,ENG
DA11,Gravesend,Kent,ENG
DA12,Gravesend,Kent,ENG
DA13,Meopham Station,Kent,ENG
DA14,Bexley,Greater London,ENG
DA15,Bexley,Greater London,ENG
DA16,Bexley,Greater London,ENG
DA17,Crayford,Greater London,ENG
DA18,Crayford,Greater London,ENG
DA2,Darenth,Kent,ENG
DA3,Hartley,Kent,ENG
DA4,Horton Kirby,Kent,ENG
DA5,Bexley,Greater London,ENG
DA6,Bexley,Greater London,ENG
DA7,Crayford,Greater London,ENG
DA8,Crayford,Greater London,ENG
DA9,Stone,Kent,ENG
DD1,Dundee,Dundee City,SCT
DD10,,Aberdeenshire,SCT
DD11,Kirkton,Angus,SCT
DD2,Dundee,Dundee City,SCT
DD3,Dundee,Dundee City,SCT
DD4,Dundee,Dundee City,SCT
DD5,Dundee,Dundee City,SCT
DD6,,Fife,SCT
DD7,Carnoustie,Angus,SCT
DD8,,Angus,SCT
DD9,,Angus,SCT
DE1,,Derby,ENG
DE11,Swadlincote,Derbyshire,ENG
DE12,Overseal,Derbyshire,ENG
DE13,Branston,Staffordshire,ENG
DE14,Burton upon Trent,Staffordshire,ENG
DE15,Burton upon Trent,Staffordshire,ENG
DE21,,Derby,ENG
DE22,,Derby,ENG
DE23,,Derby,ENG
DE24,,Derby,ENG
DE3,,Derby,ENG
DE4,Matlock Bath,Derbyshire,ENG
DE45,Bakewell,Derbyshire,ENG
DE5,Ripley,Derbyshire,ENG
DE55,Alfreton,Derbyshire,ENG
DE56,Belper,Derbyshire,ENG
DE6,Osmaston,Derbyshire,ENG
DE65,Hilton,Derbyshire,ENG
DE7,Ilkeston,Derbyshire,ENG
DE72,Draycott,Derbyshire,ENG
DE73,Swarkestone,Derbyshire,ENG
DE74,Lockington,Leicestershire,ENG
DE75,Heanor,Derbyshire,ENG
DG1,,Dumfries and Galloway,SCT
DG10,,Dumfries and Galloway,SCT
DG11,,Dumfries and Galloway,SCT
DG12,Annan,Dumfries and Galloway,SCT
DG13,,Dumfries and Galloway,SCT
DG14,,Dumfries and Galloway,SCT
DG16,Gretna,Dumfries and Galloway,SCT
DG2,,Dumfries and Galloway,SCT
DG3,,Dumfries and Galloway,SCT
DG4,,Dumfries and Galloway,SCT
DG5,Dalbeattie,Dumfries and Galloway,SCT
DG6,Kirkcudbright,Dumfries and Galloway,SCT
DG7,,Dumfries and Galloway,SCT
DG8,,Dumfries and Galloway,SCT
DG9,,Dumfries and Galloway,SCT
DH1,Durham,County Durham,ENG
DH2,Chester-le-Street,County Durham,ENG
DH3,North Lodge,County Durham,ENG
DH4,Houghton-le-Spring,Sunderland,ENG
DH5,Hetton,Sunderland,ENG
DH6,Shadforth,County Durham,ENG
DH7,Esh,County Durham,ENG
DH8,Burnhope,County Durham,ENG
DH9,Stanley,County Durham,ENG
DL1,,Darlington,ENG
DL10,Skeeby,North Yorkshire,ENG
DL11,Marske,North Yorkshire,ENG
DL12,Cotherstone,County Durham,ENG
DL13,Stanhope,County Durham,ENG
DL14,Lcp Stanhope and Wolsingham Parishes And,County Durham,ENG
DL15,Lcp Stanhope and Wolsingham Parishes And,County Durham,ENG
DL16,Spennymoor,County Durham,ENG
DL17,Ferryhill,County Durham,ENG
DL2,Halnaby Ave,Darlington,ENG
DL3,,Darlington,ENG
DL4,Shildon,County Durham,ENG
DL5,Great Aycliffe,County Durham,ENG
DL6,Winton,North Yorkshire,ENG
DL7,Yafforth,North Yorkshire,ENG
DL8,Spennithorne,North Yorkshire,ENG
DL9,Colburn,North Yorkshire,ENG
DN1,,Doncaster,ENG
DN10,Everton,Nottinghamshire,ENG
DN11,Tickhill,Doncaster,ENG
DN12,Conisbrough,Doncaster,ENG
DN14,Airmyn,East Riding of Yorkshire,ENG
DN15,,North Lincolnshire,ENG
DN16,,North Lincolnshire,ENG
DN17,Burringham,North Lincolnshire,ENG
DN18,Barton-Upon-Humber,North Lincolnshire,ENG
DN19,Barrow-Upon-Humber,North Lincolnshire,ENG
DN2,,Doncaster,ENG
DN20,Broughton,North Lincolnshire,ENG
DN21,Corringham,Lincolnshire,ENG
DN22,Clumber and Hardwick,Nottinghamshire,ENG
DN3,Edenthorpe,Doncaster,ENG
DN31,,North East Lincolnshire,ENG
DN32,,North East Lincolnshire,ENG
DN33,,North East Lincolnshire,ENG
DN34,,North East Lincolnshire,ENG
DN35,Cleethorpes,North East Lincolnshire,ENG
DN36,Tetney,Lincolnshire,ENG
DN37,Bradley,North East Lincolnshire,ENG
DN38,Bigby,Lincolnshire,ENG
DN39,Ulceby,North Lincolnshire,ENG
DN4,,Doncaster,ENG
DN40,Immingham,North East Lincolnshire,ENG
DN41,Stallingborough,North East Lincolnshire,ENG
DN5,Brodsworth,Doncaster,ENG
DN6,Owston,Doncaster,ENG
DN7,Hatfield,Doncaster,ENG
DN8,Thorne,Doncaster,ENG
DN9,Haxey,North Lincolnshire,ENG
DT1,Dorchester,Dorset,ENG
DT10,Sturminster Newton,Dorset,ENG
DT11,Bryanston,Dorset,ENG
DT2,Charminster,Dorset,ENG
DT3,Weymouth,Dorset,ENG
DT4,Weymouth,Dorset,ENG
DT5,Portland,Dorset,ENG
DT6,Allington,Dorset,ENG
DT7,Lyme Regis,Dorset,ENG
DT8,Beaminster,Dorset,ENG
DT9,Castleton,Dorset,ENG
DY1,,Dudley,ENG
DY10,Kidderminster,Worcestershire,ENG
DY11,Kidderminster,Worcestershire,ENG
DY12,Upper Arley,Worcestershire,ENG
DY13,Stourport-on-Severn,Worcestershire,ENG
DY14,Cleobury Mortimer,Shropshire,ENG
DY2,,Dudley,ENG
DY3,,Dudley,ENG
DY4,West Bromwich,Sandwell,ENG
DY5,,Dudley,ENG
DY6,,Dudley,ENG
DY7,Kinver,Staffordshire,ENG
DY8,,Dudley,ENG
DY9,,Dudley,ENG
E1,Poplar,Greater London,ENG
E10,Walthamstow,Greater London,ENG
E11,Walthamstow,Greater London,ENG
E12,Stratford,Greater London,ENG
E13,East Ham,Greater London,ENG
E14,Poplar,Greater London,ENG
E15,Stratford,Greater London,ENG
E16,East Ham,Greater London,ENG
E17,Walthamstow,Greater London,ENG
E18,Ilford,Greater London,ENG
E1W,Poplar,Greater London,ENG
E2,Poplar,Greater London,ENG
E3,Poplar,Greater London,ENG
E4,Walthamstow,Greater London,ENG
E5,Hackney,Greater London,ENG
E6,East Ham,Greater London,ENG
E7,Stratford,Greater London,ENG
E8,Hackney,Greater London,ENG
E9,Hackney,Greater London,ENG
EC1,Islington,Greater London,ENG
EC1A,Islington,Greater London,ENG
EC1M,Islington,Greater London,ENG
EC1N,Camden Town,Greater London,ENG
EC1R,Islington,Greater London,ENG
EC1V,Islington,Greater London,ENG
EC1Y,Islington,Greater London,ENG
EC2,Islington,Greater London,ENG
EC2A,Islington,Greater London,ENG
EC2M,,City of London,ENG
EC2N,,City of London,ENG
EC2R,,City of London,ENG
EC2V,,City of London,ENG
EC2Y,,City of London,ENG
EC3,,City of London,ENG
EC3A,,City of London,ENG
EC3M,,City of London,ENG
EC3N,,City of London,ENG
EC3P,Islington,Greater London,ENG
EC3R,,City of London,ENG
EC3V,,City of London,ENG
EC4,,City of London,ENG
EC4A,,City of London,ENG
EC4M,,City of London,ENG
EC4N,,City of London,ENG
EC4R,,City of London,ENG
EC4V,,City of London,ENG
EC4Y,,City of London,ENG
EH1,Edinburgh,City of Edinburgh,SCT
EH10,Edinburgh,City of Edinburgh,SCT
EH11,Juniper Green,City of Edinburgh,SCT
EH12,Edinburgh,City of Edinburgh,SCT
EH13,Juniper Green,City of Edinburgh,SCT
EH14,Juniper Green,City of Edinburgh,SCT
EH15,Edinburgh,City of Edinburgh,SCT
EH16,Edinburgh,City of Edinburgh,SCT
EH17,Edinburgh,City of Edinburgh,SCT
EH18,Bonnyrigg and Lasswade,Midlothian,SCT
EH19,Bonnyrigg and Lasswade,Midlothian,SCT
EH2,Edinburgh,City of Edinburgh,SCT
EH20,Loanhead,Midlothian,SCT
EH21,Musselburgh,East Lothian,SCT
EH22,Dalkeith,Midlothian,SCT
EH23,Arniston,Midlothian,SCT
EH24,,Midlothian,SCT
EH25,Roslin,Midlothian,SCT
EH26,Penicuik,Midlothian,SCT
EH27,Kirknewton,West Lothian,SCT
EH28,,City of Edinburgh,SCT
EH29,Kirkliston,City of Edinburgh,SCT
EH3,Edinburgh,City of Edinburgh,SCT
EH30,Queensferry,City of Edinburgh,SCT
EH31,Gullane,East Lothian,SCT
EH32,Cockenzie and Port Seton,East Lothian,SCT
EH33,Tranent,East Lothian,SCT
EH34,Pencaitland,East Lothian,SCT
EH35,Ormiston,East Lothian,SCT
EH36,,East Lothian,SCT
EH37,,Midlothian,SCT
EH38,,The Scottish Borders,SCT
EH39,North Berwick,East Lothian,SCT
EH4,Edinburgh,City of Edinburgh,SCT
EH40,,East Lothian,SCT
EH41,,East Lothian,SCT
EH42,,East Lothian,SCT
EH43,Walkerburn,The Scottish Borders,SCT
EH44,,The Scottish Borders,SCT
EH45,Peebles,The Scottish Borders,SCT
EH46,,The Scottish Borders,SCT
EH47,,West Lothian,SCT
EH48,Bathgate,West Lothian,SCT
EH49,Linlithgow,West Lothian,SCT
EH5,Edinburgh,City of Edinburgh,SCT
EH51,Grangepans,Falkirk,SCT
EH52,Broxburn,West Lothian,SCT
EH53,Livingston,West Lothian,SCT
EH54,Livingston,West Lothian,SCT
EH55,West Calder,West Lothian,SCT
EH6,Edinburgh,City of Edinburgh,SCT
EH7,Edinburgh,City of Edinburgh,SCT
EH8,,City of Edinburgh,SCT
EH9,Edinburgh,City of Edinburgh,SCT
EN1,Enfield,Greater London,ENG
EN10,Broxbourne,Hertfordshire,ENG
EN11,Hoddesdon,Hertfordshire,ENG
EN2,Enfield,Greater London,ENG
EN3,Enfield,Greater London,ENG
EN4,Barnet,Greater London,ENG
EN5,Barnet,Greater London,ENG
EN6,Potters Bar,Hertfordshire,ENG
EN7,Broxbourne,Hertfordshire,ENG
EN8,Broxbourne,Hertfordshire,ENG
EN9,Waltham Abbey,Essex,ENG
EX1,Exeter,Devon,ENG
EX10,Sidmouth,Devon,ENG
EX11,Ottery St Mary,Devon,ENG
EX12,Seaton,Devon,ENG
EX13,Axminster,Devon,ENG
EX14,Honiton,Devon,ENG
EX15,Kentisbeare,Devon,ENG
EX16,Tiverton,Devon,ENG
EX17,Sandford,Devon,ENG
EX18,Chawleigh,Devon,ENG
EX19,Dowland,Devon,ENG
EX2,Exeter,Devon,ENG
EX20,Okehampton Hamlets,Devon,ENG
EX21,Black Torrington,Devon,ENG
EX22,Holsworthy Hamlets,Devon,ENG
EX23,Bude,Cornwall,ENG
EX24,Colyton,Devon,ENG
EX3,Exeter,Devon,ENG
EX31,Barnstaple,Devon,ENG
EX32,Barnstaple,Devon,ENG
EX33,Braunton,Devon,ENG
EX34,Ilfracombe,Devon,ENG
EX35,Lynton,Devon,ENG
EX36,Bishops Nympton,Devon,ENG
EX37,High Bickington,Devon,ENG
EX38,Little Torrington,Devon,ENG
EX39,Abbotsham,Devon,ENG
EX4,Exeter,Devon,ENG
EX5,Broad Clyst,Devon,ENG
EX6,Doddiscombsleigh,Devon,ENG
EX7,Dawlish,Devon,ENG
EX8,Exmouth,Devon,ENG
EX9,Budleigh Salterton,Devon,ENG
FK1,,Falkirk,SCT
FK10,Alloa,Clackmannanshire,SCT
FK11,Menstrie,Clackmannanshire,SCT
FK12,Alva,Clackmannanshire,SCT
FK13,Tillicoultry,Clackmannanshire,SCT
FK14,,Clackmannanshire,SCT
FK15,,Stirling,SCT
FK16,Doune,Stirling,SCT
FK17,Callander,Stirling,SCT
FK18,Strathyre,Stirling,SCT
FK19,,Stirling,SCT
FK2,Hope St,Falkirk,SCT
FK20,,Stirling,SCT
FK21,Killin,Stirling,SCT
FK3,Grangemouth,Falkirk,SCT
FK4,Dennyloanhead,Falkirk,SCT
FK5,,Falkirk,SCT
FK6,Stoneywood,Falkirk,SCT
FK7,,Stirling,SCT
FK8,,Stirling,SCT
FK9,Bridge Of Allan,Stirling,SCT
FY1,,Blackpool,ENG
FY2,,Blackpool,ENG
FY3,,Blackpool,ENG
FY4,,Blackpool,ENG
FY5,Hardhorn and Thornton,Lancashire,ENG
FY6,Hardhorn and Thornton,Lancashire,ENG
FY7,Hardhorn and Thornton,Lancashire,ENG
FY8,Lytham Saint Annes,Lancashire,ENG
G1,Glasgow,Glasgow City,SCT
G11,Glasgow,Glasgow City,SCT
G12,Glasgow,Glasgow City,SCT
G13,Glasgow,Glasgow City,SCT
G14,Glasgow,Glasgow City,SCT
G15,Glasgow,Glasgow City,SCT
G2,Glasgow,Glasgow City,SCT
G20,Glasgow,Glasgow City,SCT
G21,Glasgow,Glasgow City,SCT
G22,Glasgow,Glasgow City,SCT
G23,Glasgow,Glasgow City,SCT
G3,Glasgow,Glasgow City,SCT
G31,Glasgow,Glasgow City,SCT
G32,Glasgow,Glasgow City,SCT
G33,Glasgow,Glasgow City,SCT
G34,Glasgow,Glasgow City,SCT
G4,Glasgow,Glasgow City,SCT
G40,Glasgow,Glasgow City,SCT
G41,Glasgow,Glasgow City,SCT
G42,Glasgow,Glasgow City,SCT
G43,Glasgow,Glasgow City,SCT
G44,Glasgow,Glasgow City,SCT
G45,Glasgow,Glasgow City,SCT
G46,Thornliebank,East Renfrewshire,SCT
G5,Glasgow,Glasgow City,SCT
G51,Glasgow,Glasgow City,SCT
G52,Glasgow,Glasgow City,SCT
G53,Glasgow,Glasgow City,SCT
G60,Clydebank,West Dunbartonshire,SCT
G61,Milngavie,East Dunbartonshire,SCT
G62,Milngavie,East Dunbartonshire,SCT
G63,Killearn,Stirling,SCT
G64,Bishopbriggs,East Dunbartonshire,SCT
G65,Kilsyth,North Lanarkshire,SCT
G66,Kirkintilloch,East Dunbartonshire,SCT
G67,Cumbernauld,North Lanarkshire,SCT
G68,Balloch,North Lanarkshire,SCT
G69,Glasgow,Glasgow City,SCT
G71,,South Lanarkshire,SCT
G72,,South Lanarkshire,SCT
G73,Cambuslang,South Lanarkshire,SCT
G74,East Kilbride,South Lanarkshire,SCT
G76,Thornliebank,East Renfrewshire,SCT
G77,Newton Mearns,East Renfrewshire,SCT
G78,,East Renfrewshire,SCT
G81,Clydebank,West Dunbartonshire,SCT
G82,Dumbarton,West Dunbartonshire,SCT
G83,Alexandria,West Dunbartonshire,SCT
G84,Helensburgh,Argyll and Bute,SCT
GL1,Gloucester,Gloucestershire,ENG
GL10,Stonehouse,Gloucestershire,ENG
GL11,Dursley,Gloucestershire,ENG
GL12,Kingswood,Gloucestershire,ENG
GL13,Berkeley,Gloucestershire,ENG
GL14,Littledean,Gloucestershire,ENG
GL15,Lydney,Gloucestershire,ENG
GL16,Coleford,Gloucestershire,ENG
GL17,Drybrook,Gloucestershire,ENG
GL18,Oxenhall,Gloucestershire,ENG
GL19,Ashleworth,Gloucestershire,ENG
GL2,Gloucester,Gloucestershire,ENG
GL20,Ashchurch,Gloucestershire,ENG
GL3,Hucclecote,Gloucestershire,ENG
GL4,Gloucester,Gloucestershire,ENG
GL5,Rodborough,Gloucestershire,ENG
GL50,Cheltenham,Gloucestershire,ENG
GL51,Cheltenham,Gloucestershire,ENG
GL52,Prestbury,Gloucestershire,ENG
GL53,Cheltenham,Gloucestershire,ENG
GL54,Naunton,Gloucestershire,ENG
GL55,Chipping Campden,Gloucestershire,ENG
GL56,Moreton-in-Marsh,Gloucestershire,ENG
GL6,Thrupp,Gloucestershire,ENG
GL7,Ampney St Mary,Gloucestershire,ENG
GL8,Tetbury,Gloucestershire,ENG
GL9,Hawkesbury,South Gloucestershire,ENG
GU1,Guildford,Surrey,ENG
GU10,Farnham,Surrey,ENG
GU11,Aldershot,Hampshire,ENG
GU12,Ash,Surrey,ENG
GU13,Fleet,Hampshire,ENG
GU14,Farnborough,Hampshire,ENG
GU15,Camberley,Surrey,ENG
GU16,Camberley,Surrey,ENG
GU17,Blackwater and Hawley,Hampshire,ENG
GU18,Windlesham,Surrey,ENG
GU19,Windlesham,Surrey,ENG
GU2,Guildford,Surrey,ENG
GU20,Windlesham,Surrey,ENG
GU21,Woking,Surrey,ENG
GU22,Woking,Surrey,ENG
GU23,Ripley,Surrey,ENG
GU24,Bisley,Surrey,ENG
GU25,Virginia Water,Surrey,ENG
GU26,Haslemere,Surrey,ENG
GU27,Haslemere,Surrey,ENG
GU28,Tillington,West Sussex,ENG
GU29,Midhurst,West Sussex,ENG
GU3,Worplesdon,Surrey,ENG
GU30,Liphook,Hampshire,ENG
GU31,Petersfield,Hampshire,ENG
GU32,Stroud,Hampshire,ENG
GU33,Liss,Hampshire,ENG
GU34,Alton,Hampshire,ENG
GU35,Lindford,Hampshire,ENG
GU4,Guildford,Surrey,ENG
GU46,Yateley,Hampshire,ENG
GU47,Sandhurst,Bracknell Forest,ENG
GU5,Wonersh,Surrey,ENG
GU51,Fleet,Hampshire,ENG
GU52,Fleet,Hampshire,ENG
GU6,Cranleigh,Surrey,ENG
GU7,Godalming,Surrey,ENG
GU8,Witley,Surrey,ENG
GU9,Farnham,Surrey,ENG
GY1,St Peter Port,Guernsey,GG
GY2,St Sampson,Guernsey,GG
GY3,St Sampson,Guernsey,GG
GY4,Carmel,Guernsey,GG
GY5,ALBecq,Guernsey,GG
GY6,L'Islet,Guernsey,GG
GY7,Richmond,Guernsey,GG
GY8,Mouilpied,Guernsey,GG
GY9,nr Mouilpied,Guernsey,GG
HA0,Brent,Greater London,ENG
HA1,Harrow,Greater London,ENG
HA2,Harrow,Greater London,ENG
HA3,Harrow,Greater London,ENG
HA4,Hillingdon,Greater London,ENG
HA5,Harrow,Greater London,ENG
HA6,Hillingdon,Greater London,ENG
HA7,Harrow,Greater London,ENG
HA8,Barnet,Greater London,ENG
HA9,Brent,Greater London,ENG
HD1,Huddersfield,Kirklees,ENG
HD2,Huddersfield,Kirklees,ENG
HD3,Huddersfield,Kirklees,ENG
HD4,Huddersfield,Kirklees,ENG
HD5,Huddersfield,Kirklees,ENG
HD6,Halifax,Calderdale,ENG
HD7,Huddersfield,Kirklees,ENG
HD8,Kirkburton,Kirklees,ENG
HD9,Holme,Kirklees,ENG
HG1,Harrogate,North Yorkshire,ENG
HG2,Harrogate,North Yorkshire,ENG
HG3,Clint,North Yorkshire,ENG
HG4,North Stainley,North Yorkshire,ENG
HG5,Knaresborough,North Yorkshire,ENG
HP1,Hemel Hempstead,Hertfordshire,ENG
HP10,Chepping Wycombe,Buckinghamshire,ENG
HP11,High Wycombe,Buckinghamshire,ENG
HP12,High Wycombe,Buckinghamshire,ENG
HP13,High Wycombe,Buckinghamshire,ENG
HP14,Bledlow-cum-Saunderton,Buckinghamshire,ENG
HP15,Hazlemere,Buckinghamshire,ENG
HP16,Great Missenden,Buckinghamshire,ENG
HP17,Dinton,Buckinghamshire,ENG
HP18,Ashendon,Buckinghamshire,ENG
HP19,Aylesbury,Buckinghamshire,ENG
HP2,Hemel Hempstead,Hertfordshire,ENG
HP20,Aylesbury,Buckinghamshire,ENG
HP21,Aylesbury,Buckinghamshire,ENG
HP22,Weston Turville,Buckinghamshire,ENG
HP23,Tring,Hertfordshire,ENG
HP27,Princes Risborough,Buckinghamshire,ENG
HP3,Hemel Hempstead,Hertfordshire,ENG
HP4,Berkhamsted,Hertfordshire,ENG
HP5,Chesham,Buckinghamshire,ENG
HP6,Amersham,Buckinghamshire,ENG
HP7,Amersham,Buckinghamshire,ENG
HP8,Chalfont St Giles,Buckinghamshire,ENG
HP9,Beaconsfield,Buckinghamshire,ENG
HR1,Hampton Bishop,County of Herefordshire,ENG
HR2,Allensmore,County of Herefordshire,ENG
HR3,Clifford,County of Herefordshire,ENG
HR4,Burghill,County of Herefordshire,ENG
HR5,Kington Rural,County of Herefordshire,ENG
HR6,Leominster,County of Herefordshire,ENG
HR7,Bromyard,County of Herefordshire,ENG
HR8,Ledbury,County of Herefordshire,ENG
HR9,Ross-on-Wye,County of Herefordshire,ENG
HS1,Stornoway,Eilean Siar,SCT
HS2,,Eilean Siar,SCT
HS3,,Eilean Siar,SCT
HS4,,Eilean Siar,SCT
HS5,Leverburgh,Eilean Siar,SCT
HS6,,Eilean Siar,SCT
HS7,,Eilean Siar,SCT
HS8,,Eilean Siar,SCT
HS9,,Eilean Siar,SCT
HU1,Hull,City of Kingston-upon-Hull,ENG
HU10,Cottingham,East Riding of Yorkshire,ENG
HU11,Ellerby,East Riding of Yorkshire,ENG
HU12,Burstwick,East Riding of Yorkshire,ENG
HU13,Hessle,East Riding of Yorkshire,ENG
HU14,North Ferriby,East Riding of Yorkshire,ENG
HU15,Ellerker,East Riding of Yorkshire,ENG
HU16,Cottingham,East Riding of Yorkshire,ENG
HU17,Cottingham,East Riding of Yorkshire,ENG
HU18,Hornsea,East Riding of Yorkshire,ENG
HU19,Withernsea,East Riding of Yorkshire,ENG
HU2,Hull,City of Kingston-upon-Hull,ENG
HU20,Rowley,East Riding of Yorkshire,ENG
HU3,Hull,City of Kingston-upon-Hull,ENG
HU4,Hull,City of Kingston-upon-Hull,ENG
HU5,Hull,City of Kingston-upon-Hull,ENG
HU6,Hull,City of Kingston-upon-Hull,ENG
HU7,Hull,City of Kingston-upon-Hull,ENG
HU8,Hull,City of Kingston-upon-Hull,ENG
HU9,Hull,City of Kingston-upon-Hull,ENG
HX1,Halifax,Calderdale,ENG
HX2,Halifax,Calderdale,ENG
HX3,Halifax,Calderdale,ENG
HX4,Halifax,Calderdale,ENG
HX5,Halifax,Calderdale,ENG
HX6,Halifax,Calderdale,ENG
HX7,Hebden Royd,Calderdale,ENG
IG1,Ilford,Greater London,ENG
IG10,Loughton,Essex,ENG
IG11,Barking,Greater London,ENG
IG2,Ilford,Greater London,ENG
IG3,Ilford,Greater London,ENG
IG4,Ilford,Greater London,ENG
IG5,Ilford,Greater London,ENG
IG6,Ilford,Greater London,ENG
IG7,Loughton,Essex,ENG
IG8,Ilford,Greater London,ENG
IG9,Loughton,Essex,ENG
IM1,"Douglas, Braddan",IOM,IM
IM2,"Douglas, Braddan",IOM,IM
IM3,Onchan,IOM,IM
IM4,"Peel, German",IOM,IM
IM5,"Baldrine, Loman",IOM,IM
IM6,Kirk Michael,IOM,IM
IM7,"St Judes, Andreas",IOM,IM
IM8,Ramsay,IOM,IM
IM9,Arbory,IOM,IM
IP1,Ipswich,Suffolk,ENG
IP10,Levington,Suffolk,ENG
IP11,Felixstowe,Suffolk,ENG
IP12,Bromeswell,Suffolk,ENG
IP13,Kettleburgh,Suffolk,ENG
IP14,Stowupland,Suffolk,ENG
IP15,Aldeburgh,Suffolk,ENG
IP16,Leiston,Suffolk,ENG
IP17,Kelsale,Suffolk,ENG
IP18,Southwold,Suffolk,ENG
IP19,Halesworth,Suffolk,ENG
IP2,Ipswich,Suffolk,ENG
IP20,Harleston,Norfolk,ENG
IP21,Syleham,Suffolk,ENG
IP22,Wortham,Suffolk,ENG
IP23,Eye,Suffolk,ENG
IP24,Thetford,Norfolk,ENG
IP25,Ovington,Norfolk,ENG
IP26,Methwold,Norfolk,ENG
IP27,Brandon,Suffolk,ENG
IP28,Tuddenham,Suffolk,ENG
IP29,Whepstead,Suffolk,ENG
IP3,Ipswich,Suffolk,ENG
IP30,Hessett,Suffolk,ENG
IP31,Pakenham,Suffolk,ENG
IP32,Bury St Edmunds,Suffolk,ENG
IP33,Bury St Edmunds,Suffolk,ENG
IP4,Ipswich,Suffolk,ENG
IP5,Kesgrave,Suffolk,ENG
IP6,Hemingstone,Suffolk,ENG
IP7,Aldham,Suffolk,ENG
IP8,Sproughton,Suffolk,ENG
IP9,Holbrook,Suffolk,ENG
IV1,Inverness,Highland,SCT
IV10,,Highland,SCT
IV11,Cromarty,Highland,SCT
IV12,Nairn,Highland,SCT
IV13,,Highland,SCT
IV14,Strathpeffer,Highland,SCT
IV15,Dingwall,Highland,SCT
IV16,Evanton,Highland,SCT
IV17,Alness,Highland,SCT
IV18,Invergordon,Highland,SCT
IV19,Tain,Highland,SCT
IV2,,Highland,SCT
IV20,,Highland,SCT
IV21,Gairloch,Highland,SCT
IV22,,Highland,SCT
IV23,,Highland,SCT
IV24,,Highland,SCT
IV25,,Highland,SCT
IV26,,Highland,SCT
IV27,,Highland,SCT
IV28,Rogart,Highland,SCT
IV3,Inverness,Highland,SCT
IV30,Elgin,Moray,SCT
IV31,Lossiemouth,Moray,SCT
IV32,Mosstodloch,Moray,SCT
IV36,Forres,Moray,SCT
IV4,,Highland,SCT
IV40,,Highland,SCT
IV41,Kyleakin,Highland,SCT
IV42,,Highland,SCT
IV43,,Highland,SCT
IV44,Saasaig,Highland,SCT
IV45,,Highland,SCT
IV46,Ferrindonald,Highland,SCT
IV47,,Highland,SCT
IV48,,Highland,SCT
IV49,,Highland,SCT
IV5,,Highland,SCT
IV51,,Highland,SCT
IV52,Plockton,Highland,SCT
IV53,,Highland,SCT
IV54,,Highland,SCT
IV55,,Highland,SCT
IV56,A863,Highland,SCT
IV6,Muir Of Ord,Highland,SCT
IV63,Lewiston,Highland,SCT
IV7,,Highland,SCT
IV8,,Highland,SCT
IV9,Avoch,Highland,SCT
JE1,St Helier,Jersey,JE
JE2,St Helier,Jersey,JE
JE3,St+F2813 Ouen,Jersey,JE
JE4,St Helier,Jersey,JE
KA1,Kilmarnock,East Ayrshire,SCT
KA10,Troon,South Ayrshire,SCT
KA11,Irvine,North Ayrshire,SCT
KA12,Irvine,North Ayrshire,SCT
KA13,Kilwinning,North Ayrshire,SCT
KA14,Glengarnock,North Ayrshire,SCT
KA15,Beith,North Ayrshire,SCT
KA16,Newmilns,East Ayrshire,SCT
KA17,Darvel,East Ayrshire,SCT
KA18,Cumnock,East Ayrshire,SCT
KA19,,South Ayrshire,SCT
KA2,Gatehead,East Ayrshire,SCT
KA20,Stevenston,North Ayrshire,SCT
KA21,Ardrossan,North Ayrshire,SCT
KA22,Ardrossan,North Ayrshire,SCT
KA23,West Kilbride,North Ayrshire,SCT
KA24,Dalry,North Ayrshire,SCT
KA25,Kilbirnie,North Ayrshire,SCT
KA26,,South Ayrshire,SCT
KA27,,North Ayrshire,SCT
KA28,Millport,North Ayrshire,SCT
KA29,Fairlie,North Ayrshire,SCT
KA3,,East Ayrshire,SCT
KA30,Largs,North Ayrshire,SCT
KA4,Galston,East Ayrshire,SCT
KA5,Mauchline,East Ayrshire,SCT
KA6,,South Ayrshire,SCT
KA7,Ayr,South Ayrshire,SCT
KA8,Ayr,South Ayrshire,SCT
KA9,Ayr,South Ayrshire,SCT
KT1,Kingston Upon Thames,Greater London,ENG
KT10,Esher,Surrey,ENG
KT11,Cobham,Surrey,ENG
KT12,West Molesey,Surrey,ENG
KT13,West Molesey,Surrey,ENG
KT14,,Surrey,ENG
KT15,Addlestone,Surrey,ENG
KT16,,Surrey,ENG
KT17,Epsom,Surrey,ENG
KT18,,Surrey,ENG
KT19,Epsom,Surrey,ENG
KT2,Kingston Upon Thames,Greater London,ENG
KT20,Reigate and Banstead,Surrey,ENG
KT21,Leatherhead,Surrey,ENG
KT22,Leatherhead,Surrey,ENG
KT23,Dorking,Surrey,ENG
KT24,East Horsley,Surrey,ENG
KT3,Kingston Upon Thames,Greater London,ENG
KT4,Sutton,Greater London,ENG
KT5,Kingston Upon Thames,Greater London,ENG
KT6,Kingston Upon Thames,Greater London,ENG
KT7,Esher,Surrey,ENG
KT8,West Molesey,Surrey,ENG
KT9,Kingston Upon Thames,Greater London,ENG
KW1,,Highland,SCT
KW10,Golspie,Highland,SCT
KW11,,Highland,SCT
KW12,Halkirk,Highland,SCT
KW13,,Highland,SCT
KW14,Thurso,Highland,SCT
KW15,Kirkwall,Orkney Islands,SCT
KW16,Stromness,Orkney Islands,SCT
KW17,Gorseness,Orkney Islands,SCT
KW2,Whaligoe,Highland,SCT
KW3,Lybster,Highland,SCT
KW5,,Highland,SCT
KW6,,Highland,SCT
KW7,,Highland,SCT
KW8,,Highland,SCT
KW9,Brora,Highland,SCT
KY1,Kirkcaldy,Fife,SCT
KY10,,Fife,SCT
KY11,,Fife,SCT
KY12,Dunfermline,Fife,SCT
KY13,Kinross,Perth and Kinross,SCT
KY14,,Fife,SCT
KY15,,Fife,SCT
KY16,,Fife,SCT
KY2,Kirkcaldy,Fife,SCT
KY3,Burntisland,Fife,SCT
KY4,,Fife,SCT
KY5,,Fife,SCT
KY6,Glenrothes,Fife,SCT
KY7,Glenrothes,Fife,SCT
KY8,Leven,Fife,SCT
KY9,Kilconquhar,Fife,SCT
L1,,Liverpool,ENG
L10,Aintree,Sefton,ENG
L11,,Liverpool,ENG
L12,,Liverpool,ENG
L13,,Liverpool,ENG
L14,,Liverpool,ENG
L15,,Liverpool,ENG
L16,,Liverpool,ENG
L17,,Liverpool,ENG
L18,Garston,Liverpool,ENG
L19,Garston,Liverpool,ENG
L2,,Liverpool,ENG
L20,Southport,Sefton,ENG
L21,Southport,Sefton,ENG
L22,Southport,Sefton,ENG
L23,Crosby,Liverpool,ENG
L24,Garston,Liverpool,ENG
L25,Garston,Liverpool,ENG
L26,Halewood,Knowsley,ENG
L27,,Liverpool,ENG
L28,,Knowsley,ENG
L29,,Sefton,ENG
L3,,Liverpool,ENG
L30,Southport,Sefton,ENG
L31,Maghull,Sefton,ENG
L32,Kirkby,Knowsley,ENG
L33,Kirkby,Knowsley,ENG
L34,,Knowsley,ENG
L35,Rainhill,St Helens,ENG
L36,Hyton,Knowsley,ENG
L37,Southport,Sefton,ENG
L38,Southport,Sefton,ENG
L39,Ormskirk,Lancashire,ENG
L4,,Liverpool,ENG
L40,Burscough,Lancashire,ENG
L5,,Liverpool,ENG
L6,,Liverpool,ENG
L69,,Liverpool,ENG
L7,,Liverpool,ENG
L70,,Liverpool,ENG
L8,,Liverpool,ENG
L9,,Liverpool,ENG
LA1,Lancaster,Lancashire,ENG
LA10,Sedbergh,Cumbria,ENG
LA11,Grange-over-Sands,Cumbria,ENG
LA12,Ulverston,Cumbria,ENG
LA13,Dalton-in-Furness,Cumbria,ENG
LA14,Dalton-in-Furness,Cumbria,ENG
LA15,Dalton Town with Newton,Cumbria,ENG
LA16,Ireleth,Cumbria,ENG
LA17,Kirkby Ireleth,Cumbria,ENG
LA18,Millom,Cumbria,ENG
LA19,Bootle,Cumbria,ENG
LA2,Caton,Lancashire,ENG
LA20,Broughton West,Cumbria,ENG
LA21,Coniston,Cumbria,ENG
LA22,Lakes,Cumbria,ENG
LA23,Windermere,Cumbria,ENG
LA3,Lancaster,Lancashire,ENG
LA4,Lancaster,Lancashire,ENG
LA5,Warton,Lancashire,ENG
LA6,Whittingham,Lancashire,ENG
LA7,Milnthorpe,Cumbria,ENG
LA8,Kendal,Cumbria,ENG
LA9,Kendal,Cumbria,ENG
LD1,Llandrindod Wells,Powys,WLS
LD2,Duhonw,Powys,WLS
LD3,Llanddew,Powys,WLS
LD4,Llangamarch,Powys,WLS
LD5,Treflys,Powys,WLS
LD6,Rhayader,Powys,WLS
LD7,Knighton,Powys,WLS
LD8,Presteigne,Powys,WLS
LE1,,Leicester,ENG
LE10,Hinckley,Leicestershire,ENG
LE11,Loughborough,Leicestershire,ENG
LE12,Loughborough,Leicestershire,ENG
LE13,Melton Mowbray,Leicestershire,ENG
LE14,Melton Mowbray,Leicestershire,ENG
LE15,Hambleton,Rutland,ENG
LE16,Dingley,Northamptonshire,ENG
LE17,Gilmorton,Leicestershire,ENG
LE18,Oadby,Leicestershire,ENG
LE2,,Leicester,ENG
LE3,,Leicester,ENG
LE4,,Leicester,ENG
LE5,,Leicester,ENG
LE6,Groby,Leicestershire,ENG
LE65,Ashby-de-la-Zouch,Leicestershire,ENG
LE67,Coalville,Leicestershire,ENG
LE7,Barkby,Leicestershire,ENG
LE8,Kilby,Leicestershire,ENG
LE9,Hinckley,Leicestershire,ENG
LL11,Broughton,Wrexham,WLS
LL12,Gresford,Wrexham,WLS
LL13,Abenbury,Wrexham,WLS
LL14,Ruabon,Wrexham,WLS
LL15,Ruthin,Denbighshire,WLS
LL16,Denbigh,Denbighshire,WLS
LL17,St Asaph,Denbighshire,WLS
LL18,Rhyl,Denbighshire,WLS
LL19,Prestatyn,Denbighshire,WLS
LL20,Llangollen,Denbighshire,WLS
LL21,Corwen,Denbighshire,WLS
LL22,Betws-yn-Rhos,Conwy,WLS
LL23,Bala,Gwynedd,WLS
LL24,Bro Machno,Conwy,WLS
LL25,Dolwyddelan,Conwy,WLS
LL26,Llanrwst,Conwy,WLS
LL27,Trefriw,Conwy,WLS
LL28,Mochdre,Conwy,WLS
LL29,Old Colwyn,Conwy,WLS
LL30,Llandudno,Conwy,WLS
LL31,Deganwy,Conwy,WLS
LL32,Henryd,Conwy,WLS
LL33,Llanfairfechan,Conwy,WLS
LL34,Penmaenmawr,Conwy,WLS
LL35,Aberdovey,Gwynedd,WLS
LL36,Bryncrug,Gwynedd,WLS
LL37,Llangelynin,Gwynedd,WLS
LL38,Arthog,Gwynedd,WLS
LL39,Arthog,Gwynedd,WLS
LL40,Brithdir,Gwynedd,WLS
LL41,Ffestiniog,Gwynedd,WLS
LL42,Barmouth,Gwynedd,WLS
LL43,Dyffryn Ardudwy,Gwynedd,WLS
LL44,Dyffryn Ardudwy,Gwynedd,WLS
LL45,Llanbedr,Gwynedd,WLS
LL46,Harlech,Gwynedd,WLS
LL47,Talsarnau,Gwynedd,WLS
LL48,Penrhyndeudraeth,Gwynedd,WLS
LL49,Porthmadog,Gwynedd,WLS
LL51,Dolbenmaen,Gwynedd,WLS
LL52,Criccieth,Gwynedd,WLS
LL53,Buan,Gwynedd,WLS
LL54,Llanllyfni,Gwynedd,WLS
LL55,Llanrug,Gwynedd,WLS
LL56,Y Felinheli,Gwynedd,WLS
LL57,Llandygai,Gwynedd,WLS
LL58,Beaumaris,Isle of Anglesey,WLS
LL59,Cwm Cadnant,Isle of Anglesey,WLS
LL60,Llanfihangel Ysgeifiog,Isle of Anglesey,WLS
LL61,Llanidan,Isle of Anglesey,WLS
LL62,Bodorgan,Isle of Anglesey,WLS
LL63,Aberffraw,Isle of Anglesey,WLS
LL64,Rhosneigr,Isle of Anglesey,WLS
LL65,Valley,Isle of Anglesey,WLS
LL66,Rhosybol,Isle of Anglesey,WLS
LL67,Llanbadrig,Isle of Anglesey,WLS
LL68,Amlwch,Isle of Anglesey,WLS
LL69,Penysarn,Isle of Anglesey,WLS
LL70,Moelfre,Isle of Anglesey,WLS
LL71,Llannerch-Y-Medd,Isle of Anglesey,WLS
LL72,Moelfre,Isle of Anglesey,WLS
LL73,Llaneugrad,Isle of Anglesey,WLS
LL74,Llanfair-Mathafarn-Eithaf,Isle of Anglesey,WLS
LL75,Pentraeth,Isle of Anglesey,WLS
LL76,Llanfair-Mathafarn-Eithaf,Isle of Anglesey,WLS
LL77,Llangefni,Isle of Anglesey,WLS
LL78,Llanfair-Mathafarn-Eithaf,Isle of Anglesey,WLS
LN1,Burton,Lincolnshire,ENG
LN10,Woodhall Spa,Lincolnshire,ENG
LN11,Louth,Lincolnshire,ENG
LN12,Mablethorpe,Lincolnshire,ENG
LN13,Alford,Lincolnshire,ENG
LN2,Nettleham,Lincolnshire,ENG
LN3,Fiskerton,Lincolnshire,ENG
LN4,Dunston,Lincolnshire,ENG
LN5,Waddington,Lincolnshire,ENG
LN6,Lincoln,Lincolnshire,ENG
LN7,Caistor,Lincolnshire,ENG
LN8,Linwood,Lincolnshire,ENG
LN9,Horncastle,Lincolnshire,ENG
LS1,,Leeds,ENG
LS10,,Leeds,ENG
LS11,,Leeds,ENG
LS12,,Leeds,ENG
LS13,,Leeds,ENG
LS14,,Leeds,ENG
LS15,,Leeds,ENG
LS16,,Leeds,ENG
LS17,Harewood,Leeds,ENG
LS18,,Leeds,ENG
LS19,Guiseley,Leeds,ENG
LS2,,Leeds,ENG
LS20,Guiseley,Leeds,ENG
LS21,Otley,Leeds,ENG
LS22,Wetherby,Leeds,ENG
LS23,Boston Spa,Leeds,ENG
LS24,Grimston,North Yorkshire,ENG
LS25,Micklefield,Leeds,ENG
LS26,Rothwell,Leeds,ENG
LS27,Gildersome,Leeds,ENG
LS28,,Leeds,ENG
LS29,Ilkley,Bradford,ENG
LS3,,Leeds,ENG
LS4,,Leeds,ENG
LS5,,Leeds,ENG
LS6,,Leeds,ENG
LS7,,Leeds,ENG
LS8,,Leeds,ENG
LS9,,Leeds,ENG
LU1,,Luton,ENG
LU2,,Luton,ENG
LU3,,Luton,ENG
LU4,,Luton,ENG
LU5,Thorn,Central Bedfordshire,ENG
LU6,Dunstable,Central Bedfordshire,ENG
LU7,Leighton-Linslade,Central Bedfordshire,ENG
M1,Manchester,Greater Manchester,ENG
M11,Manchester,Greater Manchester,ENG
M12,Manchester,Greater Manchester,ENG
M13,Manchester,Greater Manchester,ENG
M14,Manchester,Greater Manchester,ENG
M15,Manchester,Greater Manchester,ENG
M16,Manchester,Greater Manchester,ENG
M17,Urmston,Trafford,ENG
M18,Manchester,Greater Manchester,ENG
M19,Manchester,Greater Manchester,ENG
M2,Manchester,Greater Manchester,ENG
M20,Manchester,Greater Manchester,ENG
M21,Manchester,Greater Manchester,ENG
M22,Manchester,Greater Manchester,ENG
M23,Manchester,Greater Manchester,ENG
M24,Middleton,Rochdale,ENG
M25,,Bury,ENG
M26,,Bury,ENG
M27,,Salford,ENG
M28,Walkden,Salford,ENG
M29,Pemberton,Wigan,ENG
M3,,Salford,ENG
M30,,Salford,ENG
M31,Partington,Trafford,ENG
M32,Urmston,Trafford,ENG
M33,,Trafford,ENG
M34,Ashton-under-Lyne,Tameside,ENG
M35,,Oldham,ENG
M38,Walkden,Salford,ENG
M4,Manchester,Greater Manchester,ENG
M40,Manchester,Greater Manchester,ENG
M41,Urmston,Trafford,ENG
M43,Ashton-under-Lyne,Tameside,ENG
M44,,Salford,ENG
M45,,Bury,ENG
M46,Pemberton,Wigan,ENG
M5,,Salford,ENG
M6,,Salford,ENG
M60,Manchester,Greater Manchester,ENG
M7,,Salford,ENG
M8,Manchester,Greater Manchester,ENG
M9,Manchester,Greater Manchester,ENG
M90,Ringway,Greater Manchester,ENG
ME1,Rochester,Medway,ENG
ME10,Sittingbourne,Kent,ENG
ME11,Queenborough,Kent,ENG
ME12,Sittingbourne,Kent,ENG
ME13,Faversham,Kent,ENG
ME14,Maidstone,Kent,ENG
ME15,Maidstone,Kent,ENG
ME16,Maidstone,Kent,ENG
ME17,Leeds,Kent,ENG
ME18,West Farleigh,Kent,ENG
ME19,West Malling,Kent,ENG
ME2,Strood,Medway,ENG
ME20,Ditton,Kent,ENG
ME3,Hoo St Werburgh,Medway,ENG
ME4,Rochester,Medway,ENG
ME5,Rochester,Medway,ENG
ME6,Snodland,Kent,ENG
ME7,Gillingham,Medway,ENG
ME8,Gillingham,Medway,ENG
ME9,Sittingbourne,Kent,ENG
MK1,Bletchley,Milton Keynes,ENG
MK10,,Milton Keynes,ENG
MK11,Stony Stratford,Milton Keynes,ENG
MK12,Stony Stratford,Milton Keynes,ENG
MK13,Bradwell,Milton Keynes,ENG
MK14,Stantonbury,Milton Keynes,ENG
MK15,Willen,Milton Keynes,ENG
MK16,Newport Pagnell,Milton Keynes,ENG
MK17,Bow Brickhill,Milton Keynes,ENG
MK18,,Buckingham,ENG
MK19,Cosgrove,Northamptonshire,ENG
MK2,Bletchley,Milton Keynes,ENG
MK3,Bletchley,Milton Keynes,ENG
MK4,Shenley Brook End,Milton Keynes,ENG
MK40,Bedford,Bedford Borough,ENG
MK41,Bedford,Bedford Borough,ENG
MK42,Kempston,Bedford Borough,ENG
MK43,Kempston Rural,Bedford Borough,ENG
MK44,Wilden,Bedford Borough,ENG
MK45,Maulden,Central Bedfordshire,ENG
MK46,Clifton Reynes,Milton Keynes,ENG
MK5,Shenley Church End,Milton Keynes,ENG
MK6,Woughton On The Green,Milton Keynes,ENG
MK7,Walton,Milton Keynes,ENG
MK8,Bradwell Abbey,Milton Keynes,ENG
MK9,,Milton Keynes,ENG
ML1,Motherwell,North Lanarkshire,SCT
ML10,Strathaven,South Lanarkshire,SCT
ML11,New Lanark,South Lanarkshire,SCT
ML12,,South Lanarkshire,SCT
ML2,Wishaw,North Lanarkshire,SCT
ML3,Hamilton,South Lanarkshire,SCT
ML4,Motherwell,North Lanarkshire,SCT
ML5,Coatbridge,North Lanarkshire,SCT
ML6,Airdrie,North Lanarkshire,SCT
ML7,,North Lanarkshire,SCT
ML8,Carluke,South Lanarkshire,SCT
ML9,Larkhall,South Lanarkshire,SCT
N1,Islington,Greater London,ENG
N10,Tottenham,Greater London,ENG
N11,Enfield,Greater London,ENG
N12,Barnet,Greater London,ENG
N13,Enfield,Greater London,ENG
N14,Enfield,Greater London,ENG
N15,Tottenham,Greater London,ENG
N16,Hackney,Greater London,ENG
N17,Tottenham,Greater London,ENG
N18,Enfield,Greater London,ENG
N19,Islington,Greater London,ENG
N2,Barnet,Greater London,ENG
N20,Barnet,Greater London,ENG
N21,Enfield,Greater London,ENG
N22,Tottenham,Greater London,ENG
N3,Barnet,Greater London,ENG
N4,Hackney,Greater London,ENG
N5,Islington,Greater London,ENG
N6,Tottenham,Greater London,ENG
N7,Islington,Greater London,ENG
N8,Tottenham,Greater London,ENG
N9,Enfield,Greater London,ENG
NE1,,Newcastle Upon Tyne,ENG
NE10,,Gateshead,ENG
NE11,Wickham and Dunston,Gateshead,ENG
NE12,Longbenton,North Tyneside,ENG
NE13,Brunswick,Newcastle Upon Tyne,ENG
NE15,Newburn,Newcastle Upon Tyne,ENG
NE16,Wickham and Dunston,Gateshead,ENG
NE17,Blaydon,Gateshead,ENG
NE18,Stamfordham,Northumberland,ENG
NE19,Elsdon,Northumberland,ENG
NE2,Byker,Newcastle Upon Tyne,ENG
NE20,Ponteland,Northumberland,ENG
NE21,Blaydon,Gateshead,ENG
NE22,Wansbeck,Northumberland,ENG
NE23,Blyth,Northumberland,ENG
NE24,Blyth,Northumberland,ENG
NE25,,North Tyneside,ENG
NE26,,North Tyneside,ENG
NE27,,North Tyneside,ENG
NE28,,North Tyneside,ENG
NE29,,North Tyneside,ENG
NE3,,Newcastle Upon Tyne,ENG
NE30,,North Tyneside,ENG
NE31,,South Tyneside,ENG
NE32,,South Tyneside,ENG
NE33,,South Tyneside,ENG
NE34,,South Tyneside,ENG
NE35,,South Tyneside,ENG
NE36,,South Tyneside,ENG
NE37,Washington,Sunderland,ENG
NE38,Washington,Sunderland,ENG
NE39,Blaydon,Gateshead,ENG
NE4,,Newcastle Upon Tyne,ENG
NE40,Blaydon,Gateshead,ENG
NE41,Wylam,Northumberland,ENG
NE42,Prudhoe,Northumberland,ENG
NE43,Stocksfield,Northumberland,ENG
NE44,Broomhaugh and Riding,Northumberland,ENG
NE45,Corbridge,Northumberland,ENG
NE46,Hexham,Northumberland,ENG
NE47,Allendale,Northumberland,ENG
NE48,Bellingham,Northumberland,ENG
NE49,Haltwhistle,Northumberland,ENG
NE5,Newburn,Newcastle Upon Tyne,ENG
NE6,Byker,Newcastle Upon Tyne,ENG
NE61,Morpeth,Northumberland,ENG
NE62,Wansbeck,Northumberland,ENG
NE63,Wansbeck,Northumberland,ENG
NE64,Wansbeck,Northumberland,ENG
NE65,Newton on the Moor,Northumberland,ENG
NE66,Denwick,Northumberland,ENG
NE67,Ellingham,Northumberland,ENG
NE68,North Sunderland,Northumberland,ENG
NE69,Bamburgh,Northumberland,ENG
NE7,Byker,Newcastle Upon Tyne,ENG
NE70,Belford,Northumberland,ENG
NE71,Akeld,Northumberland,ENG
NE8,,Gateshead,ENG
NE9,,Gateshead,ENG
NE99,,Newcastle Upon Tyne,ENG
NG1,,Nottingham,ENG
NG10,Ilkeston,Derbyshire,ENG
NG11,Clifton,Nottingham,ENG
NG12,Cotgrave,Nottinghamshire,ENG
NG13,Bingham,Nottinghamshire,ENG
NG14,Lowdham,Nottinghamshire,ENG
NG15,Sutton in Ashfield,Nottinghamshire,ENG
NG16,Greasley,Nottinghamshire,ENG
NG17,Sutton in Ashfield,Nottinghamshire,ENG
NG18,Mansfield,Nottinghamshire,ENG
NG19,Mansfield,Nottinghamshire,ENG
NG2,West Bridgford,Nottinghamshire,ENG
NG20,Warsop,Nottinghamshire,ENG
NG21,Rainworth,Nottinghamshire,ENG
NG22,Ompton,Nottinghamshire,ENG
NG23,North Muskham,Nottinghamshire,ENG
NG24,Newark-on-Trent,Nottinghamshire,ENG
NG25,Southwell,Nottinghamshire,ENG
NG3,,Nottingham,ENG
NG31,Grantham,Lincolnshire,ENG
NG32,Great Gonerby,Lincolnshire,ENG
NG33,Burton Coggles,Lincolnshire,ENG
NG34,Sleaford,Lincolnshire,ENG
NG4,Carlton,Nottinghamshire,ENG
NG5,,Nottingham,ENG
NG6,,Nottingham,ENG
NG7,,Nottingham,ENG
NG8,,Nottingham,ENG
NG9,Beeston,Nottinghamshire,ENG
NN1,Northampton,Northamptonshire,ENG
NN10,Rushden,Northamptonshire,ENG
NN11,Badby,Northamptonshire,ENG
NN12,Towcester,Northamptonshire,ENG
NN13,Brackley,Northamptonshire,ENG
NN14,Warkton,Northamptonshire,ENG
NN15,Kettering,Northamptonshire,ENG
NN16,Kettering,Northamptonshire,ENG
NN17,Corby,Northamptonshire,ENG
NN18,Corby,Northamptonshire,ENG
NN2,Northampton,Northamptonshire,ENG
NN29,Wollaston,Northamptonshire,ENG
NN3,Northampton,Northamptonshire,ENG
NN4,Northampton,Northamptonshire,ENG
NN5,Duston,Northamptonshire,ENG
NN6,Spratton,Northamptonshire,ENG
NN7,Northampton,Northamptonshire,ENG
NN8,Wellingborough,Northamptonshire,ENG
NN9,Irthlingborough,Northamptonshire,ENG
NP10,Graig,Newport,WLS
NP11,Abercarn,Caerphilly,WLS
NP12,Blackwood,Caerphilly,WLS
NP13,Abertillery,Blaenau Gwent,WLS
NP15,Gwehelog Fawr,Monmouthshire,WLS
NP16,St Arvans,Monmouthshire,WLS
NP18,Caerleon,Newport,WLS
NP19,Alway,Newport,WLS
NP20,Allt-yr-yn,Newport,WLS
NP22,Tredegar,Blaenau Gwent,WLS
NP23,Ebbw Vale,Blaenau Gwent,WLS
NP24,New Tredegar,Caerphilly,WLS
NP25,Monmouth,Monmouthshire,WLS
NP26,Rogiet,Monmouthshire,WLS
NP4,Trevethin,Torfaen,WLS
NP44,Cwmbran,Torfaen,WLS
NP7,Abergavenny,Monmouthshire,WLS
NP8,Llangattock,Powys,WLS
NR1,Norwich,Norfolk,ENG
NR10,Hevingham,Norfolk,ENG
NR11,Erpingham,Norfolk,ENG
NR12,Smallburgh,Norfolk,ENG
NR13,Blofield,Norfolk,ENG
NR14,Alpington,Norfolk,ENG
NR15,Hempnall,Norfolk,ENG
NR16,Old Buckenham,Norfolk,ENG
NR17,Attleborough,Norfolk,ENG
NR18,Wymondham,Norfolk,ENG
NR19,Scarning,Norfolk,ENG
NR2,Norwich,Norfolk,ENG
NR20,Swanton Morley,Norfolk,ENG
NR21,Fakenham,Norfolk,ENG
NR22,Walsingham,Norfolk,ENG
NR23,Wells-next-the-Sea,Norfolk,ENG
NR24,Briston,Norfolk,ENG
NR25,Holt,Norfolk,ENG
NR26,Sheringham,Norfolk,ENG
NR27,Cromer,Norfolk,ENG
NR28,North Walsham,Norfolk,ENG
NR29,Great Yarmouth,Norfolk,ENG
NR3,Norwich,Norfolk,ENG
NR30,Great Yarmouth,Norfolk,ENG
NR31,Great Yarmouth,Norfolk,ENG
NR32,Oulton Broad,Suffolk,ENG
NR33,Oulton Broad,Suffolk,ENG
NR34,Weston,Suffolk,ENG
NR35,Bungay,Suffolk,ENG
NR4,Norwich,Norfolk,ENG
NR5,Norwich,Norfolk,ENG
NR6,Norwich,Norfolk,ENG
NR8,Taverham,Norfolk,ENG
NR9,Marlingford,Norfolk,ENG
NW1,Camden Town,Greater London,ENG
NW10,Brent,Greater London,ENG
NW11,Barnet,Greater London,ENG
NW2,Brent,Greater London,ENG
NW3,Camden Town,Greater London,ENG
NW4,Barnet,Greater London,ENG
NW5,Camden Town,Greater London,ENG
NW6,Camden Town,Greater London,ENG
NW7,Barnet,Greater London,ENG
NW8,Paddington,Greater London,ENG
NW9,Brent,Greater London,ENG
OL1,,Oldham,ENG
OL10,Heywood,Rochdale,ENG
OL11,,Rochdale,ENG
OL12,,Rochdale,ENG
OL13,Rawtenstall,Lancashire,ENG
OL14,Todmorden,Calderdale,ENG
OL15,,Rochdale,ENG
OL16,,Rochdale,ENG
OL2,Shaw,Oldham,ENG
OL3,Saddleworth,Oldham,ENG
OL4,,Oldham,ENG
OL5,Mossley,Tameside,ENG
OL6,Ashton-under-Lyne,Tameside,ENG
OL7,Ashton-under-Lyne,Tameside,ENG
OL8,,Oldham,ENG
OL9,,Oldham,ENG
OX1,Oxford,Oxfordshire,ENG
OX10,Wallingford,Oxfordshire,ENG
OX11,Didcot,Oxfordshire,ENG
OX12,Wantage,Oxfordshire,ENG
OX13,Marcham,Oxfordshire,ENG
OX14,Culham,Oxfordshire,ENG
OX15,Tadmarton,Oxfordshire,ENG
OX16,Banbury,Oxfordshire,ENG
OX17,Middleton Cheney,Northamptonshire,ENG
OX18,Carterton,Oxfordshire,ENG
OX2,Oxford,Oxfordshire,ENG
OX20,Woodstock,Oxfordshire,ENG
OX25,Chesterton,Oxfordshire,ENG
OX26,Bicester,Oxfordshire,ENG
OX27,Fringford,Oxfordshire,ENG
OX28,Witney,Oxfordshire,ENG
OX29,Eynsham,Oxfordshire,ENG
OX3,Oxford,Oxfordshire,ENG
OX33,Holton,Oxfordshire,ENG
OX39,Chinnor,Oxfordshire,ENG
OX4,Oxford,Oxfordshire,ENG
OX44,Cuddesdon,Oxfordshire,ENG
OX49,Watlington,Oxfordshire,ENG
OX5,Kidlington,Oxfordshire,ENG
OX6,Bicester,Oxfordshire,ENG
OX7,Chadlington,Oxfordshire,ENG
OX8,South Leigh,Oxfordshire,ENG
OX9,Thame,Oxfordshire,ENG
PA1,Paisley,Renfrewshire,SCT
PA10,Kilbarchan,Renfrewshire,SCT
PA11,Ranfurly,Renfrewshire,SCT
PA12,Lochwinnoch,Renfrewshire,SCT
PA13,Kilmacolm,Inverclyde,SCT
PA14,Greenock,Inverclyde,SCT
PA15,Greenock,Inverclyde,SCT
PA16,Greenock,Inverclyde,SCT
PA17,Skelmorlie,North Ayrshire,SCT
PA18,Wemyss Bay,Inverclyde,SCT
PA19,Greenock,Inverclyde,SCT
PA2,Paisley,Renfrewshire,SCT
PA20,Rothesay,Argyll and Bute,SCT
PA21,Tighnabruaich,Argyll and Bute,SCT
PA22,,Argyll and Bute,SCT
PA23,Port Riddell,Argyll and Bute,SCT
PA24,Lochgoilhead,Argyll and Bute,SCT
PA25,,Argyll and Bute,SCT
PA26,Cairndow,Argyll and Bute,SCT
PA27,Strachur,Argyll and Bute,SCT
PA28,,Argyll and Bute,SCT
PA29,,Argyll and Bute,SCT
PA3,Paisley,Renfrewshire,SCT
PA30,Ardrishaig,Argyll and Bute,SCT
PA31,,Argyll and Bute,SCT
PA32,,Argyll and Bute,SCT
PA33,,Argyll and Bute,SCT
PA34,,Argyll and Bute,SCT
PA35,,Argyll and Bute,SCT
PA36,Bridge of Orchy,Argyll and Bute,SCT
PA37,,Argyll and Bute,SCT
PA38,,Argyll and Bute,SCT
PA4,Renfrew,Renfrewshire,SCT
PA41,,Argyll and Bute,SCT
PA42,Port Ellen,Argyll and Bute,SCT
PA43,Bowmore,Argyll and Bute,SCT
PA44,Blackrock,Argyll and Bute,SCT
PA45,Ballygrant,Argyll and Bute,SCT
PA46,Port Askaig,Argyll and Bute,SCT
PA47,Portnahaven,Argyll and Bute,SCT
PA48,Port Charlotte,Argyll and Bute,SCT
PA49,,Argyll and Bute,SCT
PA5,Johnstone,Renfrewshire,SCT
PA6,,Renfrewshire,SCT
PA60,,Argyll and Bute,SCT
PA61,Scalasaig,Argyll and Bute,SCT
PA62,,Argyll and Bute,SCT
PA63,,Argyll and Bute,SCT
PA64,Lochdon,Argyll and Bute,SCT
PA65,,Argyll and Bute,SCT
PA66,,Argyll and Bute,SCT
PA67,Bunessan,Argyll and Bute,SCT
PA68,,Argyll and Bute,SCT
PA69,,Argyll and Bute,SCT
PA7,Bishopton,Renfrewshire,SCT
PA70,,Argyll and Bute,SCT
PA71,,Argyll and Bute,SCT
PA72,,Argyll and Bute,SCT
PA73,,Argyll and Bute,SCT
PA74,,Argyll and Bute,SCT
PA75,,Argyll and Bute,SCT
PA76,,Argyll and Bute,SCT
PA77,Crossapol,Argyll and Bute,SCT
PA78,,Argyll and Bute,SCT
PA8,,Renfrewshire,SCT
PA9,Howwood,Renfrewshire,SCT
PE1,,Peterborough,ENG
PE10,Bourne,Lincolnshire,ENG
PE11,Pinchbeck,Lincolnshire,ENG
PE12,Fleet,Lincolnshire,ENG
PE13,Wisbech,Cambridgeshire,ENG
PE14,Emneth,Norfolk,ENG
PE15,March,Cambridgeshire,ENG
PE16,Chatteris,Cambridgeshire,ENG
PE19,St Neots,Cambridgeshire,ENG
PE2,,Peterborough,ENG
PE20,Swineshead,Lincolnshire,ENG
PE21,Boston,Lincolnshire,ENG
PE22,Old Leake,Lincolnshire,ENG
PE23,Spilsby,Lincolnshire,ENG
PE24,Burgh Le Marsh,Lincolnshire,ENG
PE25,Skegness,Lincolnshire,ENG
PE26,Ramsey,Cambridgeshire,ENG
PE27,St Ives,Cambridgeshire,ENG
PE28,The Stukeleys,Cambridgeshire,ENG
PE29,Huntingdon,Cambridgeshire,ENG
PE3,,Peterborough,ENG
PE30,King's Lynn,Norfolk,ENG
PE31,Snettisham,Norfolk,ENG
PE32,West Acre,Norfolk,ENG
PE33,Shouldham,Norfolk,ENG
PE34,Wiggenhall St Germans,Norfolk,ENG
PE35,Sandringham,Norfolk,ENG
PE36,Old Hunstanton,Norfolk,ENG
PE37,Swaffham,Norfolk,ENG
PE38,Denver,Norfolk,ENG
PE4,,Peterborough,ENG
PE5,Ailsworth,Peterborough,ENG
PE6,Deeping St James,Lincolnshire,ENG
PE7,Farcet,Cambridgeshire,ENG
PE8,Tansor,Northamptonshire,ENG
PE9,Stamford,Lincolnshire,ENG
PH1,,Perth and Kinross,SCT
PH10,,Perth and Kinross,SCT
PH11,,Perth and Kinross,SCT
PH12,,Perth and Kinross,SCT
PH13,,Perth and Kinross,SCT
PH14,,Perth and Kinross,SCT
PH15,,Perth and Kinross,SCT
PH16,,Perth and Kinross,SCT
PH17,Killichonan,Perth and Kinross,SCT
PH18,,Perth and Kinross,SCT
PH19,Dalwhinnie,Highland,SCT
PH2,,Perth and Kinross,SCT
PH20,,Highland,SCT
PH21,,Highland,SCT
PH22,Aviemore,Highland,SCT
PH23,,Highland,SCT
PH24,Boat Of Garten,Highland,SCT
PH25,Nethy Bridge,Highland,SCT
PH26,Grantown-on-Spey,Highland,SCT
PH3,Auchterarder,Perth and Kinross,SCT
PH30,,Highland,SCT
PH31,,Highland,SCT
PH32,Fort Augustus,Highland,SCT
PH33,Fort William,Highland,SCT
PH34,,Highland,SCT
PH35,,Highland,SCT
PH36,Kentra,Highland,SCT
PH38,,Highland,SCT
PH39,Arisaig,Highland,SCT
PH4,Blackford,Perth and Kinross,SCT
PH40,,Highland,SCT
PH41,Mallaig,Highland,SCT
PH42,Isle Of Eigg,Highland,SCT
PH43,Isle Of Rum,Inverness-shire,SCT
PH44,Isle Of Canna,Highland,SCT
PH49,Glencoe,Highland,SCT
PH5,Muthill,Perth and Kinross,SCT
PH50,Kinlochleven,Highland,SCT
PH6,Comrie,Perth and Kinross,SCT
PH7,Crieff,Perth and Kinross,SCT
PH8,,Perth and Kinross,SCT
PH9,,Perth and Kinross,SCT
PL1,,Plymouth,ENG
PL10,Rame,Cornwall,ENG
PL11,Antony,Cornwall,ENG
PL12,Saltash,Cornwall,ENG
PL13,Looe,Cornwall,ENG
PL14,Liskeard,Cornwall,ENG
PL15,South Petherwin,Cornwall,ENG
PL16,Lifton,Devon,ENG
PL17,Callington,Cornwall,ENG
PL18,Calstock,Cornwall,ENG
PL19,Tavistock,Devon,ENG
PL2,,Plymouth,ENG
PL20,Horrabridge,Devon,ENG
PL21,Ivybridge,Devon,ENG
PL22,Lostwithiel,Cornwall,ENG
PL23,Fowey,Cornwall,ENG
PL24,St Blaise,Cornwall,ENG
PL25,St Austell,Cornwall,ENG
PL26,St Mewan,Cornwall,ENG
PL27,St Breock,Cornwall,ENG
PL28,Padstow,Cornwall,ENG
PL29,St Endellion,Cornwall,ENG
PL3,,Plymouth,ENG
PL30,Helland,Cornwall,ENG
PL31,Bodmin,Cornwall,ENG
PL32,Camelford,Cornwall,ENG
PL33,St Teath,Cornwall,ENG
PL34,Tintagel,Cornwall,ENG
PL35,Forrabury and Minster,Cornwall,ENG
PL4,,Plymouth,ENG
PL5,,Plymouth,ENG
PL6,,Plymouth,ENG
PL7,Plympton,Plymouth,ENG
PL8,Yealmpton,Devon,ENG
PL9,Plymstock,Plymouth,ENG
PO1,,Portsmouth,ENG
PO10,Hermitage,West Sussex,ENG
PO11,South Hayling,Hampshire,ENG
PO12,Gosport,Hampshire,ENG
PO13,Gosport,Hampshire,ENG
PO14,,Hampshire,ENG
PO15,,Hampshire,ENG
PO16,,Hampshire,ENG
PO17,Wickham,Hampshire,ENG
PO18,Funtington,West Sussex,ENG
PO19,Chichester,West Sussex,ENG
PO2,,Portsmouth,ENG
PO20,Sidlesham,West Sussex,ENG
PO21,Aldwick,West Sussex,ENG
PO22,Felpham,West Sussex,ENG
PO3,,Portsmouth,ENG
PO30,Newport,Isle Of Wight,ENG
PO31,Cowes,Isle Of Wight,ENG
PO32,Newport,Isle Of Wight,ENG
PO33,Newport,Isle Of Wight,ENG
PO34,Nettlestone,Isle Of Wight,ENG
PO35,Bembridge,Isle Of Wight,ENG
PO36,Sandown,Isle Of Wight,ENG
PO37,Shanklin,Isle Of Wight,ENG
PO38,Ventnor,Isle Of Wight,ENG
PO39,Totland,Isle Of Wight,ENG
PO4,,Portsmouth,ENG
PO40,Freshwater,Isle Of Wight,ENG
PO41,Yarmouth,Isle Of Wight,ENG
PO5,,Portsmouth,ENG
PO6,,Portsmouth,ENG
PO7,Southwick,Hampshire,ENG
PO8,Horndean,Hampshire,ENG
PO9,Havant,Hampshire,ENG
PR1,Preston,Lancashire,ENG
PR2,Preston,Lancashire,ENG
PR25,Leyland,Lancashire,ENG
PR26,Leyland,Lancashire,ENG
PR3,Claughton,Lancashire,ENG
PR4,Freckleton,Lancashire,ENG
PR5,Bamber Bridge,Lancashire,ENG
PR6,Chorley,Lancashire,ENG
PR7,Chorley,Lancashire,ENG
PR8,Southport,Sefton,ENG
PR9,Southport,Sefton,ENG
RG1,,Reading,ENG
RG10,Twyford,Wokingham,ENG
RG12,Bracknell,Bracknell Forest,ENG
RG14,Newbury,West Berkshire,ENG
RG17,Hungerford,West Berkshire,ENG
RG18,Bucklebury,West Berkshire,ENG
RG19,Thatcham,West Berkshire,ENG
RG2,,Reading,ENG
RG20,Newbury,West Berkshire,ENG
RG21,Basingstoke,Hampshire,ENG
RG22,Basingstoke,Hampshire,ENG
RG23,Basingstoke,Hampshire,ENG
RG24,Basingstoke,Hampshire,ENG
RG25,Dummer,Hampshire,ENG
RG26,Pamber,Hampshire,ENG
RG27,Hook,Hampshire,ENG
RG28,Whitchurch,Hampshire,ENG
RG29,Odiham,Hampshire,ENG
RG30,,Reading,ENG
RG31,,Reading,ENG
RG4,,Reading,ENG
RG40,,Wokingham,ENG
RG41,,Wokingham,ENG
RG42,Warfield,Bracknell Forest,ENG
RG45,Wokingham Without,Wokingham,ENG
RG5,Woodley,Wokingham,ENG
RG6,Earley,Wokingham,ENG
RG7,Sulhamstead,West Berkshire,ENG
RG8,Whitchurch-on-Thames,Oxfordshire,ENG
RG9,Rotherfield Greys,Oxfordshire,ENG
RH1,Reigate and Banstead,Surrey,ENG
RH10,Crawley,West Sussex,ENG
RH11,Crawley,West Sussex,ENG
RH12,Horsham,West Sussex,ENG
RH13,Southwater,West Sussex,ENG
RH14,Wisborough Green,West Sussex,ENG
RH15,Burgess Hill,West Sussex,ENG
RH16,Haywards Heath,West Sussex,ENG
RH17,Cuckfield Rural,West Sussex,ENG
RH18,Forest Row,East Sussex,ENG
RH19,East Grinstead,West Sussex,ENG
RH2,Reigate and Banstead,Surrey,ENG
RH20,Storrington,West Sussex,ENG
RH3,Brockham,Surrey,ENG
RH4,Dorking,Surrey,ENG
RH5,Capel,Surrey,ENG
RH6,Horley,Surrey,ENG
RH7,Lingfield,Surrey,ENG
RH8,Limpsfield,Surrey,ENG
RH9,Godstone,Surrey,ENG
RM1,Romford,Greater London,ENG
RM10,Barking,Greater London,ENG
RM11,Romford,Greater London,ENG
RM12,Romford,Greater London,ENG
RM13,Romford,Greater London,ENG
RM14,Romford,Greater London,ENG
RM15,,Thurrock,ENG
RM16,,Thurrock,ENG
RM17,,Thurrock,ENG
RM18,,Thurrock,ENG
RM19,,Thurrock,ENG
RM2,Romford,Greater London,ENG
RM20,,Thurrock,ENG
RM3,Romford,Greater London,ENG
RM4,Stapleford Abbotts,Essex,ENG
RM5,Romford,Greater London,ENG
RM6,Barking,Greater London,ENG
RM7,Romford,Greater London,ENG
RM8,Barking,Greater London,ENG
RM9,Barking,Greater London,ENG
S1,Norton,Sheffield,ENG
S10,Norton,Sheffield,ENG
S11,Norton,Sheffield,ENG
S12,Norton,Sheffield,ENG
S13,Norton,Sheffield,ENG
S14,Norton,Sheffield,ENG
S17,Norton,Sheffield,ENG
S18,Dronfield,Derbyshire,ENG
S2,Norton,Sheffield,ENG
S20,Norton,Sheffield,ENG
S21,Eckington,Derbyshire,ENG
S25,Dinnington,Rotherham,ENG
S26,Todwick,Rotherham,ENG
S3,Norton,Sheffield,ENG
S32,Grindleford,Derbyshire,ENG
S33,Aston,Derbyshire,ENG
S35,Ecclesfield,Sheffield,ENG
S36,Hunshelf,Barnsley,ENG
S4,Norton,Sheffield,ENG
S40,Chesterfield,Derbyshire,ENG
S41,Chesterfield,Derbyshire,ENG
S42,Wingerworth,Derbyshire,ENG
S43,Staveley,Derbyshire,ENG
S44,Bolsover,Derbyshire,ENG
S45,Clay Cross,Derbyshire,ENG
S5,Norton,Sheffield,ENG
S6,Norton,Sheffield,ENG
S60,,Rotherham,ENG
S61,,Rotherham,ENG
S62,Rawmarsh,Rotherham,ENG
S63,,Barnsley,ENG
S64,,Rotherham,ENG
S65,,Rotherham,ENG
S66,Bramley,Rotherham,ENG
S7,Norton,Sheffield,ENG
S70,,Barnsley,ENG
S71,,Barnsley,ENG
S72,Brierley,Barnsley,ENG
S73,Darfield,Barnsley,ENG
S74,Hoyland,Barnsley,ENG
S75,,Barnsley,ENG
S8,Norton,Sheffield,ENG
S80,Clumber and Hardwick,Nottinghamshire,ENG
S81,Carlton in Lindrick,Nottinghamshire,ENG
S9,Norton,Sheffield,ENG
SA1,Landore,Swansea,WLS
SA10,Blaenhonddan,Neath Port Talbot,WLS
SA11,Tonna,Neath Port Talbot,WLS
SA12,Baglan,Neath Port Talbot,WLS
SA13,Bryn,Neath Port Talbot,WLS
SA14,Llannon,Carmarthenshire,WLS
SA15,Llanelli Rural,Carmarthenshire,WLS
SA16,Cefn Sidan,Carmarthenshire,WLS
SA17,Kidwelly,Carmarthenshire,WLS
SA18,Betws,Carmarthenshire,WLS
SA19,Talley,Carmarthenshire,WLS
SA2,Sketty,Swansea,WLS
SA20,Llandovery,Carmarthenshire,WLS
SA3,Bishopston,Swansea,WLS
SA31,Carmarthen,Carmarthenshire,WLS
SA32,Llanegwad,Carmarthenshire,WLS
SA33,Meidrim,Carmarthenshire,WLS
SA34,Llanfallteg,Carmarthenshire,WLS
SA35,Clydau,Pembrokeshire,WLS
SA36,Crymych,Pembrokeshire,WLS
SA37,Boncath,Pembrokeshire,WLS
SA38,Newcastle Emlyn,Carmarthenshire,WLS
SA39,Llanfihangel-Ar-Arth,Carmarthenshire,WLS
SA4,Gorseinon,Swansea,WLS
SA40,Llanwenog,Ceredigion,WLS
SA41,Eglwyswrw,Pembrokeshire,WLS
SA42,Newport,Pembrokeshire,WLS
SA43,Llangoedmor,Ceredigion,WLS
SA44,Troedyraur,Ceredigion,WLS
SA45,New Quay,Ceredigion,WLS
SA46,Aberaeron,Ceredigion,WLS
SA47,Llanarth,Ceredigion,WLS
SA48,Llangybi,Ceredigion,WLS
SA5,Penderry,Swansea,WLS
SA6,Morriston,Swansea,WLS
SA61,Haverfordwest,Pembrokeshire,WLS
SA62,Nolton,Pembrokeshire,WLS
SA63,Wiston,Pembrokeshire,WLS
SA64,Pencaer,Pembrokeshire,WLS
SA65,Fishguard,Pembrokeshire,WLS
SA66,Maenclochog,Pembrokeshire,WLS
SA67,Narberth,Pembrokeshire,WLS
SA68,Jeffreyston,Pembrokeshire,WLS
SA69,Saundersfoot,Pembrokeshire,WLS
SA7,Llansamlet,Swansea,WLS
SA70,Penally,Pembrokeshire,WLS
SA71,Pembroke,Pembrokeshire,WLS
SA72,Pembroke Dock,Pembrokeshire,WLS
SA73,Milford Haven,Pembrokeshire,WLS
SA8,Pontardawe,Neath Port Talbot,WLS
SA9,Ystradgynlais,Powys,WLS
SE1,Camberwell,Greater London,ENG
SE10,Greenwich,Greater London,ENG
SE11,Lambeth,Greater London,ENG
SE12,Greenwich,Greater London,ENG
SE13,Lewisham,Greater London,ENG
SE14,Lewisham,Greater London,ENG
SE15,Camberwell,Greater London,ENG
SE16,Camberwell,Greater London,ENG
SE17,Camberwell,Greater London,ENG
SE18,Eltham,Greater London,ENG
SE19,Croydon,Greater London,ENG
SE2,Eltham,Greater London,ENG
SE20,Bromley,Greater London,ENG
SE21,Camberwell,Greater London,ENG
SE22,Camberwell,Greater London,ENG
SE23,Lewisham,Greater London,ENG
SE24,Camberwell,Greater London,ENG
SE25,Croydon,Greater London,ENG
SE26,Lewisham,Greater London,ENG
SE27,Lambeth,Greater London,ENG
SE28,Eltham,Greater London,ENG
SE3,Greenwich,Greater London,ENG
SE4,Lewisham,Greater London,ENG
SE5,Camberwell,Greater London,ENG
SE6,Lewisham,Greater London,ENG
SE7,Greenwich,Greater London,ENG
SE8,Lewisham,Greater London,ENG
SE9,Eltham,Greater London,ENG
SG1,Stevenage,Hertfordshire,ENG
SG10,Much Hadham,Hertfordshire,ENG
SG11,Standon,Hertfordshire,ENG
SG12,Ware,Hertfordshire,ENG
SG13,,Hertford,ENG
SG14,,Hertford,ENG
SG15,Arlesey,Central Bedfordshire,ENG
SG16,Henlow,Central Bedfordshire,ENG
SG17,Shefford,Central Bedfordshire,ENG
SG18,Biggleswade,Central Bedfordshire,ENG
SG19,Everton,Central Bedfordshire,ENG
SG2,Stevenage,Hertfordshire,ENG
SG3,Knebworth,Hertfordshire,ENG
SG4,Ippollitts,Hertfordshire,ENG
SG5,Ickleford,Hertfordshire,ENG
SG6,Hitchin,Hertfordshire,ENG
SG7,Bygrave,Hertfordshire,ENG
SG8,Melbourn,Cambridgeshire,ENG
SG9,Buntingford,Hertfordshire,ENG
SK1,,Stockport,ENG
SK10,Macclesfield,Cheshire East,ENG
SK11,Macclesfield,Cheshire East,ENG
SK12,Poynton,Cheshire East,ENG
SK13,Glossop,Derbyshire,ENG
SK14,Ashton-under-Lyne,Tameside,ENG
SK15,,Tameside,ENG
SK16,Ashton-under-Lyne,Tameside,ENG
SK17,King Sterndale,Derbyshire,ENG
SK2,,Stockport,ENG
SK22,New Mills,Derbyshire,ENG
SK23,Chapel-en-le-Frith,Derbyshire,ENG
SK3,,Stockport,ENG
SK4,,Stockport,ENG
SK5,,Stockport,ENG
SK6,,Stockport,ENG
SK7,Cheadle,Stockport,ENG
SK8,,Stockport,ENG
SK9,Macclesfield,Cheshire East,ENG
SL0,Iver,Buckinghamshire,ENG
SL1,Colnbrook with Poyle,Slough,ENG
SL2,Colnbrook with Poyle,Slough,ENG
SL3,Colnbrook with Poyle,Slough,ENG
SL4,Windsor,Windsor and Maidenhead,ENG
SL5,Sunninghill,Windsor and Maidenhead,ENG
SL6,Maidenhead,Windsor and Maidenhead,ENG
SL7,Marlow,Buckinghamshire,ENG
SL8,Wooburn,Buckinghamshire,ENG
SL9,Chalfont St Peter,Buckinghamshire,ENG
SM1,Sutton,Greater London,ENG
SM2,Sutton,Greater London,ENG
SM3,Sutton,Greater London,ENG
SM4,Merton,Greater London,ENG
SM5,Sutton,Greater London,ENG
SM6,Sutton,Greater London,ENG
SM7,Reigate and Banstead,Surrey,ENG
SN1,,Swindon,ENG
SN10,Roundway,Wiltshire,ENG
SN11,Calne,Wiltshire,ENG
SN12,Melksham,Wiltshire,ENG
SN13,Corsham,Wiltshire,ENG
SN14,Yatton Keynell,Wiltshire,ENG
SN15,Bremhill,Wiltshire,ENG
SN16,Malmesbury,Wiltshire,ENG
SN2,,Swindon,ENG
SN25,Haydon Wick,Swindon,ENG
SN26,Blunsdon St Andrew,Swindon,ENG
SN3,,Swindon,ENG
SN4,Wroughton,Swindon,ENG
SN5,,Swindon,ENG
SN6,Stanton Fitzwarren,Swindon,ENG
SN7,Shellingford,Oxfordshire,ENG
SN8,Savernake,Wiltshire,ENG
SN9,Manningford,Wiltshire,ENG
SO14,,Southampton,ENG
SO15,,Southampton,ENG
SO16,9 Arcadia Close,Southampton,ENG
SO17,,Southampton,ENG
SO18,,Southampton,ENG
SO19,,Southampton,ENG
SO20,Longstock,Hampshire,ENG
SO21,Winchester,Hampshire,ENG
SO22,Winchester,Hampshire,ENG
SO23,Winchester,Hampshire,ENG
SO24,Bishops Sutton,Hampshire,ENG
SO30,Hedge End,Hampshire,ENG
SO31,Locks Heath,Hampshire,ENG
SO32,Bishops Waltham,Hampshire,ENG
SO40,Totton,Hampshire,ENG
SO41,Lymington,Hampshire,ENG
SO42,Denny Lodge,Hampshire,ENG
SO43,Lyndhurst,Hampshire,ENG
SO45,Hythe,Hampshire,ENG
SO50,Eastleigh,Hampshire,ENG
SO51,Romsey,Hampshire,ENG
SO52,North Baddesley,Hampshire,ENG
SO53,Eastleigh,Hampshire,ENG
SP1,Salisbury,Wiltshire,ENG
SP10,Andover,Hampshire,ENG
SP11,Charlton,Hampshire,ENG
SP2,Salisbury,Wiltshire,ENG
SP3,Dinton,Wiltshire,ENG
SP4,Amesbury,Wiltshire,ENG
SP5,Downton,Wiltshire,ENG
SP6,Fordingbridge,Hampshire,ENG
SP7,Shaftesbury,Dorset,ENG
SP8,Gillingham,Dorset,ENG
SP9,South Tidworth,Hampshire,ENG
SR1,,Sunderland,ENG
SR2,,Sunderland,ENG
SR3,Houghton-le-Spring,Sunderland,ENG
SR4,Houghton-le-Spring,Sunderland,ENG
SR5,Castletown,Sunderland,ENG
SR6,,Sunderland,ENG
SR7,Dalton-le-Dale,County Durham,ENG
SR8,Peterlee,County Durham,ENG
SR9,,Sunderland,ENG
SS0,,Southend-on-Sea,ENG
SS1,,Southend-on-Sea,ENG
SS11,Wickford,Essex,ENG
SS12,Wickford,Essex,ENG
SS13,Basildon,Essex,ENG
SS14,Basildon,Essex,ENG
SS15,Basildon,Essex,ENG
SS16,Basildon,Essex,ENG
SS17,Corringham,Thurrock,ENG
SS2,,Southend-on-Sea,ENG
SS3,,Southend-on-Sea,ENG
SS4,Rochford,Essex,ENG
SS5,Hockley,Essex,ENG
SS6,Rayleigh,Essex,ENG
SS7,Canvey Island,Essex,ENG
SS8,Canvey Island,Essex,ENG
SS9,,Southend-on-Sea,ENG
ST1,,Stoke-on-Trent,ENG
ST10,Cheadle,Staffordshire,ENG
ST11,Forsbrook,Staffordshire,ENG
ST12,Barlaston,Staffordshire,ENG
ST13,Leek,Staffordshire,ENG
ST14,Uttoxeter,Staffordshire,ENG
ST15,Stone,Staffordshire,ENG
ST16,Stafford,Staffordshire,ENG
ST17,Stafford,Staffordshire,ENG
ST18,Hopton,Staffordshire,ENG
ST19,Penkridge,Staffordshire,ENG
ST2,,Stoke-on-Trent,ENG
ST20,Gnosall,Staffordshire,ENG
ST21,Eccleshall,Staffordshire,ENG
ST3,,Stoke-on-Trent,ENG
ST4,,Stoke-on-Trent,ENG
ST5,Newcastle-under-Lyme,Staffordshire,ENG
ST6,,Stoke-on-Trent,ENG
ST7,Kidsgrove,Staffordshire,ENG
ST8,Biddulph,Staffordshire,ENG
ST9,Bagnall,Staffordshire,ENG
SW1,Westminster,London,ENG
SW10,Kensington,Greater London,ENG
SW11,Wandsworth,Greater London,ENG
SW12,Wandsworth,Greater London,ENG
SW13,Richmond,Greater London,ENG
SW14,Richmond,Greater London,ENG
SW15,Wandsworth,Greater London,ENG
SW16,Lambeth,Greater London,ENG
SW17,Wandsworth,Greater London,ENG
SW18,Wandsworth,Greater London,ENG
SW19,Merton,Greater London,ENG
SW1A,Westminster,London,ENG
SW1E,Westminster,London,ENG
SW1H,Westminster,London,ENG
SW1P,Westminster,London,ENG
SW1V,Westminster,London,ENG
SW1W,Westminster,London,ENG
SW1X,Westminster,London,ENG
SW1Y,Westminster,London,ENG
SW2,Lambeth,Greater London,ENG
SW20,Merton,Greater London,ENG
SW3,Kensington,Greater London,ENG
SW4,Lambeth,Greater London,ENG
SW5,Kensington,Greater London,ENG
SW6,Hammersmith,Greater London,ENG
SW7,Kensington,Greater London,ENG
SW8,Lambeth,Greater London,ENG
SW9,Lambeth,Greater London,ENG
SY1,Shrewsbury,Shropshire,ENG
SY10,Oswestry Rural,Shropshire,ENG
SY11,Oswestry,Shropshire,ENG
SY12,Ellesmere,Shropshire,ENG
SY13,Whitchurch Rural,Shropshire,ENG
SY14,Malpas,Cheshire West and Chester,ENG
SY15,Montgomery,Powys,WLS
SY16,Llanllwchaiarn,Powys,WLS
SY17,Caersws,Powys,WLS
SY18,Llanidloes,Powys,WLS
SY19,Llanbrynmair,Powys,WLS
SY2,Shrewsbury,Shropshire,ENG
SY20,Glantwymyn,Powys,WLS
SY21,Castle Caereinion,Powys,WLS
SY22,Llansantffraid,Powys,WLS
SY23,Llanfarian,Ceredigion,WLS
SY24,Geneur Glyn,Ceredigion,WLS
SY25,Tregaron,Ceredigion,WLS
SY3,Shrewsbury,Shropshire,ENG
SY4,Myddle,Shropshire,ENG
SY5,Longden,Shropshire,ENG
SY6,Church Stretton,Shropshire,ENG
SY7,Hopesay,Shropshire,ENG
SY8,Ludlow,Shropshire,ENG
SY9,Lydham,Shropshire,ENG
TA1,Taunton,Somerset,ENG
TA10,Langport,Somerset,ENG
TA11,Somerton,Somerset,ENG
TA12,Martock,Somerset,ENG
TA13,South Petherton,Somerset,ENG
TA14,Norton Sub Hamdon,Somerset,ENG
TA15,Montacute,Somerset,ENG
TA16,Merriott,Somerset,ENG
TA17,Hinton St George,Somerset,ENG
TA18,Crewkerne,Somerset,ENG
TA19,Ilminster,Somerset,ENG
TA2,Staplegrove,Somerset,ENG
TA20,Chard,Somerset,ENG
TA21,Wellington,Somerset,ENG
TA22,Dulverton,Somerset,ENG
TA23,Williton,Somerset,ENG
TA24,Wootton Courtenay,Somerset,ENG
TA3,Stoke St Mary,Somerset,ENG
TA4,Lydeard St Lawrence,Somerset,ENG
TA5,Spaxton,Somerset,ENG
TA6,Bridgwater,Somerset,ENG
TA7,Stawell,Somerset,ENG
TA8,Burnham-on-Sea,Somerset,ENG
TA9,Burnham Without,Somerset,ENG
TD1,Galashiels,The Scottish Borders,SCT
TD10,Greenlaw,The Scottish Borders,SCT
TD11,,The Scottish Borders,SCT
TD12,Cornhill-on-Tweed,Northumberland,SCT
TD13,Cockburnspath,The Scottish Borders,SCT
TD14,,The Scottish Borders,SCT
TD15,Berwick-upon-Tweed,Northumberland,SCT
TD2,,The Scottish Borders,SCT
TD3,,The Scottish Borders,SCT
TD4,Earlston,The Scottish Borders,SCT
TD5,,The Scottish Borders,SCT
TD6,Newtown St Boswells,The Scottish Borders,SCT
TD7,,The Scottish Borders,SCT
TD8,Jedburgh,The Scottish Borders,SCT
TD9,,The Scottish Borders,SCT
TF1,Wellington,Telford and Wrekin,ENG
TF10,Newport,Telford and Wrekin,ENG
TF11,Shifnal,Shropshire,ENG
TF12,Broseley,Shropshire,ENG
TF13,Much Wenlock,Shropshire,ENG
TF2,St Georges and Priorslee,Telford and Wrekin,ENG
TF3,Hollinswood,Telford and Wrekin,ENG
TF4,Telford,Telford and Wrekin,ENG
TF5,Wellington,Telford and Wrekin,ENG
TF6,Rodington,Telford and Wrekin,ENG
TF7,Madeley,Telford and Wrekin,ENG
TF8,The Gorge,Telford and Wrekin,ENG
TF9,Sutton upon Tern,Shropshire,ENG
TN1,Royal Tunbridge Wells,Kent,ENG
TN10,Tonbridge,Kent,ENG
TN11,Tonbridge,Kent,ENG
TN12,Yalding,Kent,ENG
TN13,Sevenoaks,Kent,ENG
TN14,Dunton Green,Kent,ENG
TN15,Wrotham,Kent,ENG
TN16,,Greater London,ENG
TN17,Cranbrook,Kent,ENG
TN18,Four Throws,Kent,ENG
TN19,Burwash,East Sussex,ENG
TN2,Royal Tunbridge Wells,Kent,ENG
TN20,Mayfield,East Sussex,ENG
TN21,Heathfield,East Sussex,ENG
TN22,Uckfield,East Sussex,ENG
TN23,Ashford,Kent,ENG
TN24,Ashford,Kent,ENG
TN25,Wye,Kent,ENG
TN26,Shadoxhurst,Kent,ENG
TN27,Smarden,Kent,ENG
TN28,New Romney,Kent,ENG
TN29,St Mary In The Marsh,Kent,ENG
TN3,Royal Tunbridge Wells,Kent,ENG
TN30,Tenterden,Kent,ENG
TN31,Peasmarsh,East Sussex,ENG
TN32,Salehurst,East Sussex,ENG
TN33,Battle,East Sussex,ENG
TN34,Hastings,East Sussex,ENG
TN35,Hastings,East Sussex,ENG
TN36,Icklesham,East Sussex,ENG
TN37,Hastings,East Sussex,ENG
TN38,Hastings,East Sussex,ENG
TN39,Bexhill,East Sussex,ENG
TN4,Royal Tunbridge Wells,Kent,ENG
TN40,Bexhill,East Sussex,ENG
TN5,Wadhurst,East Sussex,ENG
TN6,Crowborough,East Sussex,ENG
TN7,Hartfield,East Sussex,ENG
TN8,Edenbridge,Kent,ENG
TN9,Tonbridge,Kent,ENG
TQ1,Torquay,Torbay,ENG
TQ10,South Brent,Devon,ENG
TQ11,Buckfast,Devon,ENG
TQ12,Newton Abbot,Devon,ENG
TQ13,Bovey Tracey,Devon,ENG
TQ14,Teignmouth,Devon,ENG
TQ2,Torquay,Torbay,ENG
TQ3,Torquay,Torbay,ENG
TQ4,Torquay,Torbay,ENG
TQ5,,Torbay,ENG
TQ6,Dartmouth,Devon,ENG
TQ7,Kingsbridge,Devon,ENG
TQ8,Salcombe,Devon,ENG
TQ9,Totnes,Devon,ENG
TR1,Truro,Cornwall,ENG
TR10,Penryn,Cornwall,ENG
TR11,Falmouth,Cornwall,ENG
TR12,St Keverne,Cornwall,ENG
TR13,Helston,Cornwall,ENG
TR14,Camborne,Cornwall,ENG
TR15,Redruth,Cornwall,ENG
TR16,Redruth,Cornwall,ENG
TR17,Marazion,Cornwall,ENG
TR18,Penzance,Cornwall,ENG
TR19,Sancreed,Cornwall,ENG
TR2,Tregoney,Cornwall,ENG
TR20,Ludgvan,Cornwall,ENG
TR21,Isles of Scilly,Isles Of Scilly,ENG
TR22,Isles of Scilly,Isles Of Scilly,ENG
TR23,Isles of Scilly,Isles Of Scilly,ENG
TR24,Isles of Scilly,Isles Of Scilly,ENG
TR25,Isles of Scilly,Isles Of Scilly,ENG
TR26,St Ives,Cornwall,ENG
TR27,Hayle,Cornwall,ENG
TR3,Perranarworthal,Cornwall,ENG
TR4,Kenwyn,Cornwall,ENG
TR5,St Agnes,Cornwall,ENG
TR6,Perranporth,Cornwall,ENG
TR7,Newquay,Cornwall,ENG
TR8,Colan,Cornwall,ENG
TR9,St Columb Major,Cornwall,ENG
TS1,,Middlesbrough,ENG
TS10,Redcar,Redcar and Cleveland,ENG
TS11,Saltburn Marske and New Marske,Redcar and Cleveland,ENG
TS12,Skelton,Redcar and Cleveland,ENG
TS13,Loftus,Redcar and Cleveland,ENG
TS14,Guisborough,Redcar and Cleveland,ENG
TS15,Kirklevington,Stockton-on-Tees,ENG
TS16,Egglescliffe,Stockton-on-Tees,ENG
TS17,Thornaby,Stockton-on-Tees,ENG
TS18,,Stockton-on-Tees,ENG
TS19,,Stockton-on-Tees,ENG
TS2,,Middlesbrough,ENG
TS20,,Stockton-on-Tees,ENG
TS21,Sedgefield,County Durham,ENG
TS22,Grindon,Stockton-on-Tees,ENG
TS23,,Stockton-on-Tees,ENG
TS24,,Hartlepool,ENG
TS25,,Hartlepool,ENG
TS26,,Hartlepool,ENG
TS27,Monk Hesleden,County Durham,ENG
TS28,Hutton Henry,County Durham,ENG
TS29,Trimdon,County Durham,ENG
TS3,,Middlesbrough,ENG
TS4,,Middlesbrough,ENG
TS5,,Middlesbrough,ENG
TS6,Redcar,Redcar and Cleveland,ENG
TS7,,Middlesbrough,ENG
TS8,Stainton,Middlesbrough,ENG
TS9,Great and Little Broughton,North Yorkshire,ENG
TW1,Richmond,Greater London,ENG
TW10,Richmond,Greater London,ENG
TW11,Richmond,Greater London,ENG
TW12,Richmond,Greater London,ENG
TW13,Hounslow,Greater London,ENG
TW14,Hounslow,Greater London,ENG
TW15,Staines,Surrey,ENG
TW16,Staines,Surrey,ENG
TW17,Staines,Surrey,ENG
TW18,Staines,Surrey,ENG
TW19,,Surrey,ENG
TW2,Richmond,Greater London,ENG
TW20,Egham,Surrey,ENG
TW3,Hounslow,Greater London,ENG
TW4,Hounslow,Greater London,ENG
TW5,Hounslow,Greater London,ENG
TW6,Hillingdon,Greater London,ENG
TW7,Hounslow,Greater London,ENG
TW8,Hounslow,Greater London,ENG
TW9,Richmond,Greater London,ENG
UB1,Southall,Greater London,ENG
UB10,Hillingdon,Greater London,ENG
UB11,Hillingdon,Greater London,ENG
UB2,Southall,Greater London,ENG
UB3,Hillingdon,Greater London,ENG
UB4,Hillingdon,Greater London,ENG
UB5,Southall,Greater London,ENG
UB6,Southall,Greater London,ENG
UB7,Hillingdon,Greater London,ENG
UB8,Hillingdon,Greater London,ENG
UB9,Denham Green,Buckinghamshire,ENG
W1,Westminster,London,ENG
W10,Kensington,Greater London,ENG
W11,Kensington,Greater London,ENG
W12,Hammersmith,Greater London,ENG
W13,Ealing,Greater London,ENG
W14,Hammersmith,Greater London,ENG
W1B,Westminster,London,ENG
W1C,Westminster,London,ENG
W1D,Westminster,London,ENG
W1F,Westminster,London,ENG
W1G,Paddington,Greater London,ENG
W1H,Paddington,Greater London,ENG
W1J,Westminster,London,ENG
W1K,Westminster,London,ENG
W1M,Paddington,Greater London,ENG
W1S,Westminster,London,ENG
W1T,Camden Town,Greater London,ENG
W1U,Paddington,Greater London,ENG
W1W,Paddington,Greater London,ENG
W2,Paddington,Greater London,ENG
W3,Ealing,Greater London,ENG
W4,Hounslow,Greater London,ENG
W5,Ealing,Greater London,ENG
W6,Hammersmith,Greater London,ENG
W7,Ealing,Greater London,ENG
W8,Kensington,Greater London,ENG
W9,Paddington,Greater London,ENG
WA1,Birchwood,Warrington,ENG
WA10,,St Helens,ENG
WA11,,St Helens,ENG
WA12,,St Helens,ENG
WA13,Lymm,Warrington,ENG
WA14,,Trafford,ENG
WA15,,Trafford,ENG
WA16,Knutsford,Cheshire East,ENG
WA2,Birchwood,Warrington,ENG
WA3,Croft,Warrington,ENG
WA4,Appleton,Warrington,ENG
WA5,Great Sankey,Warrington,ENG
WA6,Frodsham,Cheshire West and Chester,ENG
WA7,Runcorn,Halton,ENG
WA8,Runcorn,Halton,ENG
WA9,,St Helens,ENG
WC1,Camden Town,Greater London,ENG
WC1A,Camden Town,Greater London,ENG
WC1B,Camden Town,Greater London,ENG
WC1E,Camden Town,Greater London,ENG
WC1H,Camden Town,Greater London,ENG
WC1N,Camden Town,Greater London,ENG
WC1R,Camden Town,Greater London,ENG
WC1V,Camden Town,Greater London,ENG
WC1X,Camden Town,Greater London,ENG
WC2,Westminster,London,ENG
WC2A,Camden Town,Greater London,ENG
WC2B,Westminster,London,ENG
WC2E,Westminster,London,ENG
WC2H,Camden Town,Greater London,ENG
WC2N,Westminster,London,ENG
WC2R,Westminster,London,ENG
WD1,Watford,Hertfordshire,ENG
WD17,Watford,Hertfordshire,ENG
WD18,Watford,Hertfordshire,ENG
WD19,Watford Rural,Hertfordshire,ENG
WD2,Potters Bar,Hertfordshire,ENG
WD23,Potters Bar,Hertfordshire,ENG
WD24,Watford,Hertfordshire,ENG
WD25,Watford,Hertfordshire,ENG
WD3,Chorleywood,Hertfordshire,ENG
WD4,Kings Langley,Hertfordshire,ENG
WD5,Abbots Langley,Hertfordshire,ENG
WD6,Borehamwood,Hertfordshire,ENG
WD7,Radlett,Hertfordshire,ENG
WF1,,Wakefield,ENG
WF10,,Wakefield,ENG
WF11,,Wakefield,ENG
WF12,Dewsbury,Kirklees,ENG
WF13,Dewsbury,Kirklees,ENG
WF14,Mirfield,Kirklees,ENG
WF15,Dewsbury,Kirklees,ENG
WF16,Dewsbury,Kirklees,ENG
WF17,Dewsbury,Kirklees,ENG
WF2,,Wakefield,ENG
WF3,,Leeds,ENG
WF4,Crigglestone,Wakefield,ENG
WF5,,Wakefield,ENG
WF6,Normanton,Wakefield,ENG
WF7,Featherstone,Wakefield,ENG
WF8,,Wakefield,ENG
WF9,North Elmsall,Wakefield,ENG
WN1,Pemberton,Wigan,ENG
WN2,Pemberton,Wigan,ENG
WN3,Pemberton,Wigan,ENG
WN4,Pemberton,Wigan,ENG
WN5,Pemberton,Wigan,ENG
WN6,Pemberton,Wigan,ENG
WN7,Leigh,Wigan,ENG
WN8,Ormskirk,Lancashire,ENG
WR1,,Worcester,ENG
WR10,Wick,Worcestershire,ENG
WR11,Evesham,Worcestershire,ENG
WR12,Broadway,Worcestershire,ENG
WR13,Colwall,County of Herefordshire,ENG
WR14,Great Malvern,Worcestershire,ENG
WR15,Tenbury,Worcestershire,ENG
WR2,,Worcester,ENG
WR3,,Worcester,ENG
WR4,,Worcester,ENG
WR5,,Worcester,ENG
WR6,Martley,Worcestershire,ENG
WR7,North Piddle,Worcestershire,ENG
WR8,Worcester,Worcestershire,ENG
WR9,Droitwich,Worcestershire,ENG
WS1,,Walsall,ENG
WS10,West Bromwich,Sandwell,ENG
WS11,Cannock,Staffordshire,ENG
WS12,Cannock,Staffordshire,ENG
WS13,Lichfield,Staffordshire,ENG
WS14,Swinfen and Packington,Staffordshire,ENG
WS15,Brereton,Staffordshire,ENG
WS2,,Walsall,ENG
WS3,Willenhall,Walsall,ENG
WS4,,Walsall,ENG
WS5,,Walsall,ENG
WS6,Great Wyrley,Staffordshire,ENG
WS7,Burntwood,Staffordshire,ENG
WS8,Brownhills,Walsall,ENG
WS9,Aldridge,Walsall,ENG
WV1,,Wolverhampton,ENG
WV10,Wednesfield,Wolverhampton,ENG
WV11,Wednesfield,Wolverhampton,ENG
WV12,Willenhall,Walsall,ENG
WV13,Willenhall,Walsall,ENG
WV14,Wednesfield,Wolverhampton,ENG
WV15,Bridgnorth,Shropshire,ENG
WV16,Chetton,Shropshire,ENG
WV2,,Wolverhampton,ENG
WV3,,Wolverhampton,ENG
WV4,,Wolverhampton,ENG
WV5,Wombourne,Staffordshire,ENG
WV6,,Wolverhampton,ENG
WV7,Albrighton,Shropshire,ENG
WV8,Bilbrook,Staffordshire,ENG
WV9,,Wolverhampton,ENG
YO1,,York,ENG
YO10,Heslington,York,ENG
YO11,Scarborough,North Yorkshire,ENG
YO12,Scarborough,North Yorkshire,ENG
YO13,Stainton Dale,North Yorkshire,ENG
YO14,Muston,North Yorkshire,ENG
YO15,Bridlington,East Riding of Yorkshire,ENG
YO16,Bridlington,East Riding of Yorkshire,ENG
YO17,Settrington,North Yorkshire,ENG
YO18,Pickering,North Yorkshire,ENG
YO19,Wheldrake,York,ENG
YO21,Hutton Mulgrave,North Yorkshire,ENG
YO22,Snainton,North Yorkshire,ENG
YO23,Copmanthorpe,York,ENG
YO24,,York,ENG
YO25,Driffield,East Riding of Yorkshire,ENG
YO26,Upper Poppleton,York,ENG
YO30,Rawcliffe,York,ENG
YO31,,York,ENG
YO32,Earswick,York,ENG
YO41,Catton,East Riding of Yorkshire,ENG
YO42,Barmby Moor,East Riding of Yorkshire,ENG
YO43,Market Weighton,East Riding of Yorkshire,ENG
YO51,Boroughbridge,North Yorkshire,ENG
YO60,Thornton-le-Clay,North Yorkshire,ENG
YO61,Easingwold,North Yorkshire,ENG
YO62,Nawton,North Yorkshire,ENG
YO7,Sowerby,North Yorkshire,ENG
YO8,Selby,North Yorkshire,ENG
ZE1,Sound,Shetland Islands,SCT
ZE2,,Shetland Islands,SCT
ZE3,Toab,Shetland Islands,SCT